주소,OBJECTID,adm_nm,adm_cd,adm_cd2,sidonm,sggnm,기간,자치구,동,인구,면적,인구밀도
서울특별시 종로구 사직동,0,서울특별시 종로구 사직동,1101053,1111053000,서울특별시,종로구,2019,종로구,사직동,"9,815",1.23,"7,980"
서울특별시 종로구 삼청동,1,서울특별시 종로구 삼청동,1101054,1111054000,서울특별시,종로구,2019,종로구,삼청동,"2,997",1.49,"2,011"
서울특별시 종로구 부암동,2,서울특별시 종로구 부암동,1101055,1111055000,서울특별시,종로구,2019,종로구,부암동,"10,551",2.27,"4,648"
서울특별시 종로구 평창동,3,서울특별시 종로구 평창동,1101056,1111056000,서울특별시,종로구,2019,종로구,평창동,"18,816",8.87,"2,121"
서울특별시 종로구 무악동,4,서울특별시 종로구 무악동,1101057,1111057000,서울특별시,종로구,2019,종로구,무악동,"8,740",0.36,"24,278"
서울특별시 종로구 교남동,5,서울특별시 종로구 교남동,1101058,1111058000,서울특별시,종로구,2019,종로구,교남동,"10,708",0.35,"30,594"
서울특별시 종로구 가회동,6,서울특별시 종로구 가회동,1101060,1111060000,서울특별시,종로구,2019,종로구,가회동,"4,488",0.54,"8,311"
서울특별시 종로구 종로1·2·3·4가동,7,서울특별시 종로구 종로1·2·3·4가동,1101061,1111061500,서울특별시,종로구,2019,종로구,종로1·2·3·4가동,"8,446",2.35,"3,594"
서울특별시 종로구 종로5·6가동,8,서울특별시 종로구 종로5·6가동,1101063,1111063000,서울특별시,종로구,2019,종로구,종로5·6가동,"5,839",0.6,"9,732"
서울특별시 종로구 이화동,9,서울특별시 종로구 이화동,1101064,1111064000,서울특별시,종로구,2019,종로구,이화동,"8,470",0.78,"10,859"
서울특별시 종로구 창신1동,10,서울특별시 종로구 창신1동,1101067,1111067000,서울특별시,종로구,2019,종로구,창신1동,"6,079",0.31,"19,610"
서울특별시 종로구 창신2동,11,서울특별시 종로구 창신2동,1101068,1111068000,서울특별시,종로구,2019,종로구,창신2동,"9,799",0.26,"37,688"
서울특별시 종로구 창신3동,12,서울특별시 종로구 창신3동,1101069,1111069000,서울특별시,종로구,2019,종로구,창신3동,"7,271",0.23,"31,613"
서울특별시 종로구 숭인1동,13,서울특별시 종로구 숭인1동,1101070,1111070000,서울특별시,종로구,2019,종로구,숭인1동,"6,532",0.23,"28,400"
서울특별시 종로구 숭인2동,14,서울특별시 종로구 숭인2동,1101071,1111071000,서울특별시,종로구,2019,종로구,숭인2동,"9,902",0.35,"28,291"
서울특별시 종로구 청운효자동,15,서울특별시 종로구 청운효자동,1101072,1111051500,서울특별시,종로구,2019,종로구,청운효자동,"12,981",2.57,"5,051"
서울특별시 종로구 혜화동,16,서울특별시 종로구 혜화동,1101073,1111065000,서울특별시,종로구,2019,종로구,혜화동,"20,435",1.12,"18,246"
서울특별시 중구 소공동,17,서울특별시 중구 소공동,1102052,1114052000,서울특별시,중구,2019,중구,소공동,"3,059",0.95,"3,220"
서울특별시 중구 회현동,18,서울특별시 중구 회현동,1102054,1114054000,서울특별시,중구,2019,중구,회현동,"5,850",0.84,"6,964"
서울특별시 중구 명동,19,서울특별시 중구 명동,1102055,1114055000,서울특별시,중구,2019,중구,명동,"3,567",0.99,"3,603"
서울특별시 중구 필동,20,서울특별시 중구 필동,1102057,1114057000,서울특별시,중구,2019,중구,필동,"5,020",1.14,"4,404"
서울특별시 중구 장충동,21,서울특별시 중구 장충동,1102058,1114058000,서울특별시,중구,2019,중구,장충동,"5,628",1.36,"4,138"
서울특별시 중구 광희동,22,서울특별시 중구 광희동,1102059,1114059000,서울특별시,중구,2019,중구,광희동,"6,284",0.74,"8,492"
서울특별시 중구 을지로동,23,서울특별시 중구 을지로동,1102060,1114060500,서울특별시,중구,2019,중구,을지로동,"2,007",0.6,"3,345"
서울특별시 중구 신당5동,24,서울특별시 중구 신당5동,1102065,1114065000,서울특별시,중구,2019,중구,신당5동,"10,929",0.39,"28,023"
서울특별시 중구 황학동,25,서울특별시 중구 황학동,1102067,1114067000,서울특별시,중구,2019,중구,황학동,"13,689",0.33,"41,482"
서울특별시 중구 중림동,26,서울특별시 중구 중림동,1102068,1114068000,서울특별시,중구,2019,중구,중림동,"12,942",0.48,"26,963"
서울특별시 중구 신당동,27,서울특별시 중구 신당동,1102069,1114061500,서울특별시,중구,2019,중구,신당동,"9,234",0.55,"16,789"
서울특별시 중구 다산동,28,서울특별시 중구 다산동,1102070,1114062500,서울특별시,중구,2019,중구,다산동,"15,035",0.51,"29,480"
서울특별시 중구 약수동,29,서울특별시 중구 약수동,1102071,1114063500,서울특별시,중구,2019,중구,약수동,"17,734",0.48,"36,946"
서울특별시 중구 청구동,30,서울특별시 중구 청구동,1102072,1114064500,서울특별시,중구,2019,중구,청구동,"14,515",0.34,"42,691"
서울특별시 중구 동화동,31,서울특별시 중구 동화동,1102073,1114066500,서울특별시,중구,2019,중구,동화동,"10,995",0.26,"42,288"
서울특별시 용산구 후암동,32,서울특별시 용산구 후암동,1103051,1117051000,서울특별시,용산구,2019,용산구,후암동,"18,445",0.86,"21,448"
서울특별시 용산구 용산2가동,33,서울특별시 용산구 용산2가동,1103052,1117052000,서울특별시,용산구,2019,용산구,용산2가동,"11,836",1.96,"6,039"
서울특별시 용산구 남영동,34,서울특별시 용산구 남영동,1103053,1117053000,서울특별시,용산구,2019,용산구,남영동,"8,412",1.19,"7,069"
서울특별시 용산구 원효로2동,35,서울특별시 용산구 원효로2동,1103057,1117057000,서울특별시,용산구,2019,용산구,원효로2동,"14,718",0.71,"20,730"
서울특별시 용산구 효창동,36,서울특별시 용산구 효창동,1103058,1117058000,서울특별시,용산구,2019,용산구,효창동,"10,300",0.44,"23,409"
서울특별시 용산구 용문동,37,서울특별시 용산구 용문동,1103059,1117059000,서울특별시,용산구,2019,용산구,용문동,"12,587",0.28,"44,954"
서울특별시 용산구 이촌1동,38,서울특별시 용산구 이촌1동,1103063,1117063000,서울특별시,용산구,2019,용산구,이촌1동,"29,255",2.86,"10,229"
서울특별시 용산구 이촌2동,39,서울특별시 용산구 이촌2동,1103064,1117064000,서울특별시,용산구,2019,용산구,이촌2동,"9,005",1.22,"7,381"
서울특별시 용산구 이태원1동,40,서울특별시 용산구 이태원1동,1103065,1117065000,서울특별시,용산구,2019,용산구,이태원1동,"9,222",0.57,"16,179"
서울특별시 용산구 이태원2동,41,서울특별시 용산구 이태원2동,1103066,1117066000,서울특별시,용산구,2019,용산구,이태원2동,"10,811",0.86,"12,571"
서울특별시 용산구 서빙고동,42,서울특별시 용산구 서빙고동,1103069,1117069000,서울특별시,용산구,2019,용산구,서빙고동,"14,102",2.8,"5,036"
서울특별시 용산구 보광동,43,서울특별시 용산구 보광동,1103070,1117070000,서울특별시,용산구,2019,용산구,보광동,"15,862",0.71,"22,341"
서울특별시 용산구 청파동,44,서울특별시 용산구 청파동,1103071,1117055500,서울특별시,용산구,2019,용산구,청파동,"20,661",0.91,"22,704"
서울특별시 용산구 원효로1동,45,서울특별시 용산구 원효로1동,1103072,1117056000,서울특별시,용산구,2019,용산구,원효로1동,"16,630",0.59,"28,186"
서울특별시 용산구 한강로동,46,서울특별시 용산구 한강로동,1103073,1117062500,서울특별시,용산구,2019,용산구,한강로동,"19,635",2.9,"6,771"
서울특별시 용산구 한남동,47,서울특별시 용산구 한남동,1103074,1117068500,서울특별시,용산구,2019,용산구,한남동,"23,704",3.01,"7,875"
서울특별시 성동구 왕십리2동,48,서울특별시 성동구 왕십리2동,1104052,1120052000,서울특별시,성동구,2019,성동구,왕십리2동,"17,744",0.41,"43,278"
서울특별시 성동구 마장동,49,서울특별시 성동구 마장동,1104054,1120054000,서울특별시,성동구,2019,성동구,마장동,"24,035",1.05,"22,890"
서울특별시 성동구 사근동,50,서울특별시 성동구 사근동,1104055,1120055000,서울특별시,성동구,2019,성동구,사근동,"13,543",1.1,"12,312"
서울특별시 성동구 행당1동,51,서울특별시 성동구 행당1동,1104056,1120056000,서울특별시,성동구,2019,성동구,행당1동,"16,463",0.59,"27,903"
서울특별시 성동구 행당2동,52,서울특별시 성동구 행당2동,1104057,1120057000,서울특별시,성동구,2019,성동구,행당2동,"24,640",0.42,"58,667"
서울특별시 성동구 응봉동,53,서울특별시 성동구 응봉동,1104058,1120058000,서울특별시,성동구,2019,성동구,응봉동,"16,188",0.57,"28,400"
서울특별시 성동구 금호1가동,54,서울특별시 성동구 금호1가동,1104059,1120059000,서울특별시,성동구,2019,성동구,금호1가동,"15,954",0.46,"34,683"
서울특별시 성동구 금호4가동,55,서울특별시 성동구 금호4가동,1104062,1120062000,서울특별시,성동구,2019,성동구,금호4가동,"15,227",0.84,"18,127"
서울특별시 성동구 성수1가1동,56,서울특별시 성동구 성수1가1동,1104065,1120065000,서울특별시,성동구,2019,성동구,성수1가1동,"17,168",1.98,"8,671"
서울특별시 성동구 성수1가2동,57,서울특별시 성동구 성수1가2동,1104066,1120066000,서울특별시,성동구,2019,성동구,성수1가2동,"14,735",0.89,"16,556"
서울특별시 성동구 성수2가1동,58,서울특별시 성동구 성수2가1동,1104067,1120067000,서울특별시,성동구,2019,성동구,성수2가1동,"17,722",1.18,"15,019"
서울특별시 성동구 성수2가3동,59,서울특별시 성동구 성수2가3동,1104068,1120069000,서울특별시,성동구,2019,성동구,성수2가3동,"11,682",1.03,"11,342"
서울특별시 성동구 송정동,60,서울특별시 성동구 송정동,1104069,1120072000,서울특별시,성동구,2019,성동구,송정동,"11,428",0.75,"15,237"
서울특별시 성동구 용답동,61,서울특별시 성동구 용답동,1104070,1120079000,서울특별시,성동구,2019,성동구,용답동,"13,290",2.32,"5,728"
서울특별시 성동구 왕십리도선동,62,서울특별시 성동구 왕십리도선동,1104071,1120053500,서울특별시,성동구,2019,성동구,왕십리도선동,"27,767",0.72,"38,565"
서울특별시 성동구 금호2·3가동,63,서울특별시 성동구 금호2·3가동,1104072,1120061500,서울특별시,성동구,2019,성동구,금호2·3가동,"24,171",0.64,"37,767"
서울특별시 성동구 옥수동,64,서울특별시 성동구 옥수동,1104073,1120064500,서울특별시,성동구,2019,성동구,옥수동,"27,222",1.95,"13,960"
서울특별시 광진구 화양동,65,서울특별시 광진구 화양동,1105053,1121571000,서울특별시,광진구,2019,광진구,화양동,"25,537",1.16,"22,015"
서울특별시 광진구 군자동,66,서울특별시 광진구 군자동,1105054,1121573000,서울특별시,광진구,2019,광진구,군자동,"22,109",0.74,"29,877"
서울특별시 광진구 중곡1동,67,서울특별시 광진구 중곡1동,1105055,1121574000,서울특별시,광진구,2019,광진구,중곡1동,"16,287",0.62,"26,269"
서울특별시 광진구 중곡2동,68,서울특별시 광진구 중곡2동,1105056,1121575000,서울특별시,광진구,2019,광진구,중곡2동,"22,564",0.55,"41,025"
서울특별시 광진구 중곡3동,69,서울특별시 광진구 중곡3동,1105057,1121576000,서울특별시,광진구,2019,광진구,중곡3동,"17,315",0.6,"28,858"
서울특별시 광진구 중곡4동,70,서울특별시 광진구 중곡4동,1105058,1121577000,서울특별시,광진구,2019,광진구,중곡4동,"30,516",2.32,"13,153"
서울특별시 광진구 능동,71,서울특별시 광진구 능동,1105059,1121578000,서울특별시,광진구,2019,광진구,능동,"11,978",1.1,"10,889"
서울특별시 광진구 구의1동,72,서울특별시 광진구 구의1동,1105060,1121585000,서울특별시,광진구,2019,광진구,구의1동,"23,063",0.56,"41,184"
서울특별시 광진구 구의2동,73,서울특별시 광진구 구의2동,1105061,1121586000,서울특별시,광진구,2019,광진구,구의2동,"27,902",1.39,"20,073"
서울특별시 광진구 구의3동,74,서울특별시 광진구 구의3동,1105062,1121587000,서울특별시,광진구,2019,광진구,구의3동,"30,094",1.02,"29,504"
서울특별시 광진구 광장동,75,서울특별시 광진구 광장동,1105063,1121581000,서울특별시,광진구,2019,광진구,광장동,"36,083",2.39,"15,097"
서울특별시 광진구 자양1동,76,서울특별시 광진구 자양1동,1105064,1121582000,서울특별시,광진구,2019,광진구,자양1동,"24,156",0.57,"42,379"
서울특별시 광진구 자양2동,77,서울특별시 광진구 자양2동,1105065,1121583000,서울특별시,광진구,2019,광진구,자양2동,"26,893",1.68,"16,008"
서울특별시 광진구 자양3동,78,서울특별시 광진구 자양3동,1105066,1121584000,서울특별시,광진구,2019,광진구,자양3동,"29,475",1.2,"24,563"
서울특별시 광진구 자양4동,79,서울특별시 광진구 자양4동,1105067,1121584700,서울특별시,광진구,2019,광진구,자양4동,"23,000",1.16,"19,828"
서울특별시 동대문구 회기동,80,서울특별시 동대문구 회기동,1106071,1123071000,서울특별시,동대문구,2019,동대문구,회기동,"13,114",0.76,"17,255"
서울특별시 동대문구 휘경1동,81,서울특별시 동대문구 휘경1동,1106072,1123072000,서울특별시,동대문구,2019,동대문구,휘경1동,"16,508",0.63,"26,203"
서울특별시 동대문구 휘경2동,82,서울특별시 동대문구 휘경2동,1106073,1123073000,서울특별시,동대문구,2019,동대문구,휘경2동,"25,068",1.05,"23,874"
서울특별시 동대문구 청량리동,83,서울특별시 동대문구 청량리동,1106080,1123070500,서울특별시,동대문구,2019,동대문구,청량리동,"21,808",1.2,"18,173"
서울특별시 동대문구 용신동,84,서울특별시 동대문구 용신동,1106081,1123053600,서울특별시,동대문구,2019,동대문구,용신동,"32,144",1.61,"19,965"
서울특별시 동대문구 제기동,85,서울특별시 동대문구 제기동,1106082,1123054500,서울특별시,동대문구,2019,동대문구,제기동,"27,364",1.18,"23,190"
서울특별시 동대문구 전농1동,86,서울특별시 동대문구 전농1동,1106083,1123056000,서울특별시,동대문구,2019,동대문구,전농1동,"31,075",1.19,"26,113"
서울특별시 동대문구 전농2동,87,서울특별시 동대문구 전농2동,1106084,1123057000,서울특별시,동대문구,2019,동대문구,전농2동,"19,990",0.86,"23,244"
서울특별시 동대문구 답십리2동,88,서울특별시 동대문구 답십리2동,1106086,1123061000,서울특별시,동대문구,2019,동대문구,답십리2동,"30,486",0.85,"35,866"
서울특별시 동대문구 장안1동,89,서울특별시 동대문구 장안1동,1106087,1123065000,서울특별시,동대문구,2019,동대문구,장안1동,"39,153",1.25,"31,322"
서울특별시 동대문구 장안2동,90,서울특별시 동대문구 장안2동,1106088,1123066000,서울특별시,동대문구,2019,동대문구,장안2동,"33,045",1.09,"30,317"
서울특별시 동대문구 이문1동,91,서울특별시 동대문구 이문1동,1106089,1123074000,서울특별시,동대문구,2019,동대문구,이문1동,"22,311",1.04,"21,453"
서울특별시 동대문구 이문2동,92,서울특별시 동대문구 이문2동,1106090,1123075000,서울특별시,동대문구,2019,동대문구,이문2동,"21,174",0.69,"30,687"
서울특별시 동대문구 답십리1동,93,서울특별시 동대문구 답십리1동,1106091,1123060000,서울특별시,동대문구,2019,동대문구,답십리1동,"29,783",0.81,"36,769"
서울특별시 중랑구 면목2동,94,서울특별시 중랑구 면목2동,1107052,1126052000,서울특별시,중랑구,2019,중랑구,면목2동,"25,942",0.73,"35,537"
서울특별시 중랑구 면목4동,95,서울특별시 중랑구 면목4동,1107054,1126054000,서울특별시,중랑구,2019,중랑구,면목4동,"20,052",1.1,"18,229"
서울특별시 중랑구 면목5동,96,서울특별시 중랑구 면목5동,1107055,1126055000,서울특별시,중랑구,2019,중랑구,면목5동,"9,825",0.64,"15,352"
서울특별시 중랑구 면목7동,97,서울특별시 중랑구 면목7동,1107057,1126057000,서울특별시,중랑구,2019,중랑구,면목7동,"22,200",0.87,"25,517"
서울특별시 중랑구 상봉1동,98,서울특별시 중랑구 상봉1동,1107059,1126058000,서울특별시,중랑구,2019,중랑구,상봉1동,"25,499",0.85,"29,999"
서울특별시 중랑구 상봉2동,99,서울특별시 중랑구 상봉2동,1107060,1126059000,서울특별시,중랑구,2019,중랑구,상봉2동,"19,844",0.68,"29,182"
서울특별시 중랑구 중화1동,100,서울특별시 중랑구 중화1동,1107061,1126060000,서울특별시,중랑구,2019,중랑구,중화1동,"20,916",0.68,"30,759"
서울특별시 중랑구 중화2동,101,서울특별시 중랑구 중화2동,1107062,1126061000,서울특별시,중랑구,2019,중랑구,중화2동,"27,274",0.98,"27,831"
서울특별시 중랑구 묵1동,102,서울특별시 중랑구 묵1동,1107064,1126062000,서울특별시,중랑구,2019,중랑구,묵1동,"36,016",1.2,"30,013"
서울특별시 중랑구 묵2동,103,서울특별시 중랑구 묵2동,1107065,1126063000,서울특별시,중랑구,2019,중랑구,묵2동,"19,901",0.7,"28,430"
서울특별시 중랑구 망우3동,104,서울특별시 중랑구 망우3동,1107068,1126066000,서울특별시,중랑구,2019,중랑구,망우3동,"17,941",0.99,"18,122"
서울특별시 중랑구 신내1동,105,서울특별시 중랑구 신내1동,1107069,1126068000,서울특별시,중랑구,2019,중랑구,신내1동,"40,854",2.53,"16,148"
서울특별시 중랑구 신내2동,106,서울특별시 중랑구 신내2동,1107070,1126069000,서울특별시,중랑구,2019,중랑구,신내2동,"21,905",0.99,"22,126"
서울특별시 중랑구 면목본동,107,서울특별시 중랑구 면목본동,1107071,1126056500,서울특별시,중랑구,2019,중랑구,면목본동,"36,195",1.01,"35,837"
서울특별시 중랑구 면목3·8동,108,서울특별시 중랑구 면목3·8동,1107072,1126057500,서울특별시,중랑구,2019,중랑구,면목3·8동,"26,589",1.67,"15,922"
서울특별시 중랑구 망우본동,109,서울특별시 중랑구 망우본동,1107073,1126065500,서울특별시,중랑구,2019,중랑구,망우본동,"31,071",2.88,"10,789"
서울특별시 성북구 돈암1동,110,서울특별시 성북구 돈암1동,1108058,1129058000,서울특별시,성북구,2019,성북구,돈암1동,"15,921",0.49,"32,492"
서울특별시 성북구 돈암2동,111,서울특별시 성북구 돈암2동,1108059,1129059000,서울특별시,성북구,2019,성북구,돈암2동,"25,028",0.48,"52,142"
서울특별시 성북구 안암동,112,서울특별시 성북구 안암동,1108060,1129060000,서울특별시,성북구,2019,성북구,안암동,"17,502",1.33,"13,159"
서울특별시 성북구 보문동,113,서울특별시 성북구 보문동,1108061,1129061000,서울특별시,성북구,2019,성북구,보문동,"16,653",0.56,"29,738"
서울특별시 성북구 정릉1동,114,서울특별시 성북구 정릉1동,1108062,1129062000,서울특별시,성북구,2019,성북구,정릉1동,"19,455",0.44,"44,216"
서울특별시 성북구 정릉2동,115,서울특별시 성북구 정릉2동,1108063,1129063000,서울특별시,성북구,2019,성북구,정릉2동,"23,834",1.17,"20,371"
서울특별시 성북구 정릉3동,116,서울특별시 성북구 정릉3동,1108064,1129064000,서울특별시,성북구,2019,성북구,정릉3동,"17,233",3.71,"4,645"
서울특별시 성북구 정릉4동,117,서울특별시 성북구 정릉4동,1108065,1129065000,서울특별시,성북구,2019,성북구,정릉4동,"26,792",3.13,"8,560"
서울특별시 성북구 길음1동,118,서울특별시 성북구 길음1동,1108066,1129066000,서울특별시,성북구,2019,성북구,길음1동,"37,082",0.79,"46,939"
서울특별시 성북구 길음2동,119,서울특별시 성북구 길음2동,1108068,1129068500,서울특별시,성북구,2019,성북구,길음2동,"16,620",0.58,"28,655"
서울특별시 성북구 월곡1동,120,서울특별시 성북구 월곡1동,1108071,1129071500,서울특별시,성북구,2019,성북구,월곡1동,"27,523",0.81,"33,979"
서울특별시 성북구 월곡2동,121,서울특별시 성북구 월곡2동,1108072,1129072500,서울특별시,성북구,2019,성북구,월곡2동,"20,509",1.36,"15,080"
서울특별시 성북구 장위1동,122,서울특별시 성북구 장위1동,1108076,1129076000,서울특별시,성북구,2019,성북구,장위1동,"20,592",0.7,"29,417"
서울특별시 성북구 장위2동,123,서울특별시 성북구 장위2동,1108077,1129077000,서울특별시,성북구,2019,성북구,장위2동,"13,972",0.67,"20,854"
서울특별시 성북구 장위3동,124,서울특별시 성북구 장위3동,1108078,1129078000,서울특별시,성북구,2019,성북구,장위3동,"17,580",0.65,"27,046"
서울특별시 성북구 성북동,125,서울특별시 성북구 성북동,1108081,1129052500,서울특별시,성북구,2019,성북구,성북동,"17,584",2.86,"6,148"
서울특별시 성북구 삼선동,126,서울특별시 성북구 삼선동,1108082,1129055500,서울특별시,성북구,2019,성북구,삼선동,"26,013",0.92,"28,275"
서울특별시 성북구 동선동,127,서울특별시 성북구 동선동,1108083,1129057500,서울특별시,성북구,2019,성북구,동선동,"16,276",0.73,"22,296"
서울특별시 성북구 종암동,128,서울특별시 성북구 종암동,1108084,1129070500,서울특별시,성북구,2019,성북구,종암동,"42,068",1.46,"28,814"
서울특별시 성북구 석관동,129,서울특별시 성북구 석관동,1108085,1129081000,서울특별시,성북구,2019,성북구,석관동,"36,507",1.73,"21,102"
서울특별시 강북구 번1동,130,서울특별시 강북구 번1동,1109060,1130559500,서울특별시,강북구,2019,강북구,번1동,"19,614",0.66,"29,718"
서울특별시 강북구 번2동,131,서울특별시 강북구 번2동,1109061,1130560300,서울특별시,강북구,2019,강북구,번2동,"17,102",0.95,"18,002"
서울특별시 강북구 번3동,132,서울특별시 강북구 번3동,1109062,1130560800,서울특별시,강북구,2019,강북구,번3동,"18,251",1.1,"16,592"
서울특별시 강북구 수유1동,133,서울특별시 강북구 수유1동,1109063,1130561500,서울특별시,강북구,2019,강북구,수유1동,"21,841",1.67,"13,078"
서울특별시 강북구 수유2동,134,서울특별시 강북구 수유2동,1109064,1130562500,서울특별시,강북구,2019,강북구,수유2동,"21,939",0.57,"38,489"
서울특별시 강북구 수유3동,135,서울특별시 강북구 수유3동,1109065,1130563500,서울특별시,강북구,2019,강북구,수유3동,"24,064",0.72,"33,422"
서울특별시 강북구 삼양동,136,서울특별시 강북구 삼양동,1109069,1130553400,서울특별시,강북구,2019,강북구,삼양동,"25,537",0.91,"28,063"
서울특별시 강북구 미아동,137,서울특별시 강북구 미아동,1109070,1130553500,서울특별시,강북구,2019,강북구,미아동,"22,814",0.93,"24,531"
서울특별시 강북구 송중동,138,서울특별시 강북구 송중동,1109071,1130554500,서울특별시,강북구,2019,강북구,송중동,"31,153",1.01,"30,845"
서울특별시 강북구 송천동,139,서울특별시 강북구 송천동,1109072,1130555500,서울특별시,강북구,2019,강북구,송천동,"28,628",0.9,"31,809"
서울특별시 강북구 삼각산동,140,서울특별시 강북구 삼각산동,1109073,1130557500,서울특별시,강북구,2019,강북구,삼각산동,"32,900",0.62,"53,065"
서울특별시 강북구 우이동,141,서울특별시 강북구 우이동,1109074,1130564500,서울특별시,강북구,2019,강북구,우이동,"21,391",10.28,"2,081"
서울특별시 강북구 인수동,142,서울특별시 강북구 인수동,1109075,1130566000,서울특별시,강북구,2019,강북구,인수동,"32,461",3.28,"9,897"
서울특별시 도봉구 쌍문1동,143,서울특별시 도봉구 쌍문1동,1110051,1132066000,서울특별시,도봉구,2019,도봉구,쌍문1동,"22,364",1.24,"18,035"
서울특별시 도봉구 쌍문2동,144,서울특별시 도봉구 쌍문2동,1110052,1132067000,서울특별시,도봉구,2019,도봉구,쌍문2동,"20,025",0.54,"37,083"
서울특별시 도봉구 쌍문3동,145,서울특별시 도봉구 쌍문3동,1110053,1132068000,서울특별시,도봉구,2019,도봉구,쌍문3동,"17,262",0.5,"34,524"
서울특별시 도봉구 쌍문4동,146,서울특별시 도봉구 쌍문4동,1110054,1132068100,서울특별시,도봉구,2019,도봉구,쌍문4동,"19,811",0.52,"38,098"
서울특별시 도봉구 방학1동,147,서울특별시 도봉구 방학1동,1110055,1132069000,서울특별시,도봉구,2019,도봉구,방학1동,"30,056",0.69,"43,559"
서울특별시 도봉구 방학2동,148,서울특별시 도봉구 방학2동,1110056,1132070000,서울특별시,도봉구,2019,도봉구,방학2동,"21,140",0.74,"28,568"
서울특별시 도봉구 방학3동,149,서울특별시 도봉구 방학3동,1110057,1132071000,서울특별시,도봉구,2019,도봉구,방학3동,"28,782",2.64,"10,902"
서울특별시 도봉구 창1동,150,서울특별시 도봉구 창1동,1110059,1132051100,서울특별시,도봉구,2019,도봉구,창1동,"26,271",0.88,"29,853"
서울특별시 도봉구 창2동,151,서울특별시 도봉구 창2동,1110060,1132051200,서울특별시,도봉구,2019,도봉구,창2동,"30,498",1.07,"28,503"
서울특별시 도봉구 창3동,152,서울특별시 도봉구 창3동,1110061,1132051300,서울특별시,도봉구,2019,도봉구,창3동,"14,777",0.67,"22,055"
서울특별시 도봉구 창4동,153,서울특별시 도봉구 창4동,1110062,1132051400,서울특별시,도봉구,2019,도봉구,창4동,"27,873",0.96,"29,034"
서울특별시 도봉구 창5동,154,서울특별시 도봉구 창5동,1110063,1132051500,서울특별시,도봉구,2019,도봉구,창5동,"25,802",0.7,"36,860"
서울특별시 도봉구 도봉1동,155,서울특별시 도봉구 도봉1동,1110064,1132052100,서울특별시,도봉구,2019,도봉구,도봉1동,"22,293",8.72,"2,557"
서울특별시 도봉구 도봉2동,156,서울특별시 도봉구 도봉2동,1110065,1132052200,서울특별시,도봉구,2019,도봉구,도봉2동,"28,677",0.83,"34,551"
서울특별시 노원구 월계1동,157,서울특별시 노원구 월계1동,1111051,1135056000,서울특별시,노원구,2019,노원구,월계1동,"23,883",1.16,"20,589"
서울특별시 노원구 월계2동,158,서울특별시 노원구 월계2동,1111052,1135057000,서울특별시,노원구,2019,노원구,월계2동,"27,289",1.94,"14,066"
서울특별시 노원구 월계3동,159,서울특별시 노원구 월계3동,1111053,1135058000,서울특별시,노원구,2019,노원구,월계3동,"31,593",1.17,"27,003"
서울특별시 노원구 공릉2동,160,서울특별시 노원구 공릉2동,1111056,1135060000,서울특별시,노원구,2019,노원구,공릉2동,"41,071",6.82,"6,022"
서울특별시 노원구 하계1동,161,서울특별시 노원구 하계1동,1111058,1135061100,서울특별시,노원구,2019,노원구,하계1동,"29,305",1.55,"18,906"
서울특별시 노원구 하계2동,162,서울특별시 노원구 하계2동,1111059,1135061200,서울특별시,노원구,2019,노원구,하계2동,"23,318",0.51,"45,722"
서울특별시 노원구 중계본동,163,서울특별시 노원구 중계본동,1111060,1135061900,서울특별시,노원구,2019,노원구,중계본동,"25,875",1.97,"13,135"
서울특별시 노원구 중계1동,164,서울특별시 노원구 중계1동,1111061,1135062100,서울특별시,노원구,2019,노원구,중계1동,"28,061",0.63,"44,541"
서울특별시 노원구 중계4동,165,서울특별시 노원구 중계4동,1111064,1135062400,서울특별시,노원구,2019,노원구,중계4동,"21,324",1.7,"12,544"
서울특별시 노원구 상계1동,166,서울특별시 노원구 상계1동,1111065,1135063000,서울특별시,노원구,2019,노원구,상계1동,"40,121",5.62,"7,139"
서울특별시 노원구 상계2동,167,서울특별시 노원구 상계2동,1111066,1135064000,서울특별시,노원구,2019,노원구,상계2동,"21,220",0.61,"34,787"
서울특별시 노원구 상계5동,168,서울특별시 노원구 상계5동,1111069,1135067000,서울특별시,노원구,2019,노원구,상계5동,"25,483",0.44,"57,916"
서울특별시 노원구 상계8동,169,서울특별시 노원구 상계8동,1111072,1135070000,서울특별시,노원구,2019,노원구,상계8동,"23,953",0.67,"35,751"
서울특별시 노원구 상계9동,170,서울특별시 노원구 상계9동,1111073,1135071000,서울특별시,노원구,2019,노원구,상계9동,"21,919",0.81,"27,060"
서울특별시 노원구 상계10동,171,서울특별시 노원구 상계10동,1111074,1135072000,서울특별시,노원구,2019,노원구,상계10동,"16,619",0.8,"20,774"
서울특별시 노원구 상계3·4동,172,서울특별시 노원구 상계3·4동,1111076,1135066500,서울특별시,노원구,2019,노원구,상계3·4동,"25,818",5.62,"4,594"
서울특별시 노원구 상계6·7동,173,서울특별시 노원구 상계6·7동,1111077,1135069500,서울특별시,노원구,2019,노원구,상계6·7동,"34,648",1.11,"31,214"
서울특별시 노원구 중계2·3동,174,서울특별시 노원구 중계2·3동,1111078,1135062500,서울특별시,노원구,2019,노원구,중계2·3동,"36,763",0.9,"40,848"
서울특별시 노원구 공릉1동,175,서울특별시 노원구 공릉1동,1111079,1135059500,서울특별시,노원구,2019,노원구,공릉1동,"39,040",1.41,"27,688"
서울특별시 은평구 녹번동,176,서울특별시 은평구 녹번동,1112051,1138051000,서울특별시,은평구,2019,은평구,녹번동,"38,411",1.79,"21,459"
서울특별시 은평구 불광1동,177,서울특별시 은평구 불광1동,1112052,1138052000,서울특별시,은평구,2019,은평구,불광1동,"40,917",3.13,"13,073"
서울특별시 은평구 갈현1동,178,서울특별시 은평구 갈현1동,1112055,1138055100,서울특별시,은평구,2019,은평구,갈현1동,"24,536",0.97,"25,295"
서울특별시 은평구 갈현2동,179,서울특별시 은평구 갈현2동,1112056,1138055200,서울특별시,은평구,2019,은평구,갈현2동,"30,150",0.96,"31,406"
서울특별시 은평구 구산동,180,서울특별시 은평구 구산동,1112057,1138056000,서울특별시,은평구,2019,은평구,구산동,"33,804",1.38,"24,496"
서울특별시 은평구 대조동,181,서울특별시 은평구 대조동,1112058,1138057000,서울특별시,은평구,2019,은평구,대조동,"27,910",0.85,"32,835"
서울특별시 은평구 응암1동,182,서울특별시 은평구 응암1동,1112059,1138058000,서울특별시,은평구,2019,은평구,응암1동,"25,654",1.2,"21,378"
서울특별시 은평구 응암2동,183,서울특별시 은평구 응암2동,1112060,1138059000,서울특별시,은평구,2019,은평구,응암2동,"25,466",0.78,"32,649"
서울특별시 은평구 신사1동,184,서울특별시 은평구 신사1동,1112065,1138063100,서울특별시,은평구,2019,은평구,신사1동,"28,570",0.84,"34,012"
서울특별시 은평구 신사2동,185,서울특별시 은평구 신사2동,1112066,1138063200,서울특별시,은평구,2019,은평구,신사2동,"21,875",1.0,"21,875"
서울특별시 은평구 증산동,186,서울특별시 은평구 증산동,1112067,1138064000,서울특별시,은평구,2019,은평구,증산동,"16,172",0.81,"19,965"
서울특별시 은평구 수색동,187,서울특별시 은평구 수색동,1112068,1138065000,서울특별시,은평구,2019,은평구,수색동,"8,952",1.29,"6,940"
서울특별시 은평구 진관동,188,서울특별시 은평구 진관동,1112071,1138069000,서울특별시,은평구,2019,은평구,진관동,"58,006",11.53,"5,031"
서울특별시 은평구 불광2동,189,서울특별시 은평구 불광2동,1112072,1138053000,서울특별시,은평구,2019,은평구,불광2동,"29,552",1.38,"21,414"
서울특별시 은평구 응암3동,190,서울특별시 은평구 응암3동,1112073,1138060000,서울특별시,은평구,2019,은평구,응암3동,"26,081",0.63,"41,398"
서울특별시 은평구 역촌동,191,서울특별시 은평구 역촌동,1112074,1138062500,서울특별시,은평구,2019,은평구,역촌동,"48,490",1.16,"41,802"
서울특별시 서대문구 천연동,192,서울특별시 서대문구 천연동,1113052,1141052000,서울특별시,서대문구,2019,서대문구,천연동,"18,704",0.97,"19,282"
서울특별시 서대문구 홍제1동,193,서울특별시 서대문구 홍제1동,1113062,1141062000,서울특별시,서대문구,2019,서대문구,홍제1동,"24,997",1.23,"20,323"
서울특별시 서대문구 홍제3동,194,서울특별시 서대문구 홍제3동,1113064,1141064000,서울특별시,서대문구,2019,서대문구,홍제3동,"16,420",0.81,"20,272"
서울특별시 서대문구 홍제2동,195,서울특별시 서대문구 홍제2동,1113065,1141065500,서울특별시,서대문구,2019,서대문구,홍제2동,"14,570",1.05,"13,876"
서울특별시 서대문구 홍은1동,196,서울특별시 서대문구 홍은1동,1113066,1141066000,서울특별시,서대문구,2019,서대문구,홍은1동,"22,902",1.58,"14,495"
서울특별시 서대문구 홍은2동,197,서울특별시 서대문구 홍은2동,1113068,1141068500,서울특별시,서대문구,2019,서대문구,홍은2동,"28,394",2.06,"13,783"
서울특별시 서대문구 남가좌1동,198,서울특별시 서대문구 남가좌1동,1113069,1141069000,서울특별시,서대문구,2019,서대문구,남가좌1동,"16,918",0.51,"33,173"
서울특별시 서대문구 남가좌2동,199,서울특별시 서대문구 남가좌2동,1113070,1141070000,서울특별시,서대문구,2019,서대문구,남가좌2동,"25,947",0.77,"33,697"
서울특별시 서대문구 북가좌1동,200,서울특별시 서대문구 북가좌1동,1113071,1141071000,서울특별시,서대문구,2019,서대문구,북가좌1동,"19,160",0.55,"34,836"
서울특별시 서대문구 북가좌2동,201,서울특별시 서대문구 북가좌2동,1113072,1141072000,서울특별시,서대문구,2019,서대문구,북가좌2동,"33,810",0.84,"40,250"
서울특별시 서대문구 충현동,202,서울특별시 서대문구 충현동,1113073,1141056500,서울특별시,서대문구,2019,서대문구,충현동,"18,113",1.12,"16,172"
서울특별시 서대문구 북아현동,203,서울특별시 서대문구 북아현동,1113074,1141055500,서울특별시,서대문구,2019,서대문구,북아현동,"17,525",0.46,"38,098"
서울특별시 서대문구 신촌동,204,서울특별시 서대문구 신촌동,1113075,1141058500,서울특별시,서대문구,2019,서대문구,신촌동,"24,372",2.63,"9,267"
서울특별시 서대문구 연희동,205,서울특별시 서대문구 연희동,1113076,1141061500,서울특별시,서대문구,2019,서대문구,연희동,"41,339",3.05,"13,554"
서울특별시 마포구 용강동,206,서울특별시 마포구 용강동,1114059,1144059000,서울특별시,마포구,2019,마포구,용강동,"22,441",0.84,"26,715"
서울특별시 마포구 대흥동,207,서울특별시 마포구 대흥동,1114060,1144060000,서울특별시,마포구,2019,마포구,대흥동,"13,575",0.88,"15,426"
서울특별시 마포구 염리동,208,서울특별시 마포구 염리동,1114061,1144061000,서울특별시,마포구,2019,마포구,염리동,"13,486",0.43,"31,363"
서울특별시 마포구 신수동,209,서울특별시 마포구 신수동,1114063,1144063000,서울특별시,마포구,2019,마포구,신수동,"23,877",0.78,"30,612"
서울특별시 마포구 서교동,210,서울특별시 마포구 서교동,1114066,1144066000,서울특별시,마포구,2019,마포구,서교동,"25,997",1.65,"15,756"
서울특별시 마포구 합정동,211,서울특별시 마포구 합정동,1114068,1144068000,서울특별시,마포구,2019,마포구,합정동,"19,153",1.72,"11,135"
서울특별시 마포구 망원1동,212,서울특별시 마포구 망원1동,1114069,1144069000,서울특별시,마포구,2019,마포구,망원1동,"21,856",1.13,"19,342"
서울특별시 마포구 망원2동,213,서울특별시 마포구 망원2동,1114070,1144070000,서울특별시,마포구,2019,마포구,망원2동,"19,386",0.67,"28,934"
서울특별시 마포구 연남동,214,서울특별시 마포구 연남동,1114071,1144071000,서울특별시,마포구,2019,마포구,연남동,"16,953",0.64,"26,489"
서울특별시 마포구 성산1동,215,서울특별시 마포구 성산1동,1114072,1144072000,서울특별시,마포구,2019,마포구,성산1동,"20,164",0.8,"25,205"
서울특별시 마포구 성산2동,216,서울특별시 마포구 성산2동,1114073,1144073000,서울특별시,마포구,2019,마포구,성산2동,"41,531",2.07,"20,063"
서울특별시 마포구 상암동,217,서울특별시 마포구 상암동,1114074,1144074000,서울특별시,마포구,2019,마포구,상암동,"32,882",8.4,"3,915"
서울특별시 마포구 도화동,218,서울특별시 마포구 도화동,1114075,1144058500,서울특별시,마포구,2019,마포구,도화동,"22,594",0.62,"36,442"
서울특별시 마포구 서강동,219,서울특별시 마포구 서강동,1114076,1144065500,서울특별시,마포구,2019,마포구,서강동,"26,163",1.45,"18,043"
서울특별시 마포구 공덕동,220,서울특별시 마포구 공덕동,1114077,1144056500,서울특별시,마포구,2019,마포구,공덕동,"40,509",1.01,"40,108"
서울특별시 마포구 아현동,221,서울특별시 마포구 아현동,1114078,1144055500,서울특별시,마포구,2019,마포구,아현동,"25,358",0.76,"33,366"
서울특별시 양천구 목1동,222,서울특별시 양천구 목1동,1115051,1147051000,서울특별시,양천구,2019,양천구,목1동,"32,173",1.41,"22,818"
서울특별시 양천구 목2동,223,서울특별시 양천구 목2동,1115052,1147052000,서울특별시,양천구,2019,양천구,목2동,"31,477",1.03,"30,560"
서울특별시 양천구 목3동,224,서울특별시 양천구 목3동,1115053,1147053000,서울특별시,양천구,2019,양천구,목3동,"23,095",0.53,"43,575"
서울특별시 양천구 목4동,225,서울특별시 양천구 목4동,1115054,1147054000,서울특별시,양천구,2019,양천구,목4동,"26,909",0.57,"47,209"
서울특별시 양천구 신월1동,226,서울특별시 양천구 신월1동,1115057,1147056000,서울특별시,양천구,2019,양천구,신월1동,"21,773",0.65,"33,497"
서울특별시 양천구 신월2동,227,서울특별시 양천구 신월2동,1115058,1147057000,서울특별시,양천구,2019,양천구,신월2동,"22,126",0.61,"36,272"
서울특별시 양천구 신월3동,228,서울특별시 양천구 신월3동,1115059,1147058000,서울특별시,양천구,2019,양천구,신월3동,"16,719",0.87,"19,217"
서울특별시 양천구 신월4동,229,서울특별시 양천구 신월4동,1115060,1147059000,서울특별시,양천구,2019,양천구,신월4동,"19,026",0.52,"36,588"
서울특별시 양천구 신월5동,230,서울특별시 양천구 신월5동,1115061,1147060000,서울특별시,양천구,2019,양천구,신월5동,"15,570",0.69,"22,565"
서울특별시 양천구 신월6동,231,서울특별시 양천구 신월6동,1115062,1147061000,서울특별시,양천구,2019,양천구,신월6동,"6,615",0.41,"16,134"
서울특별시 양천구 신월7동,232,서울특별시 양천구 신월7동,1115063,1147061100,서울특별시,양천구,2019,양천구,신월7동,"21,602",1.19,"18,153"
서울특별시 양천구 신정1동,233,서울특별시 양천구 신정1동,1115064,1147062000,서울특별시,양천구,2019,양천구,신정1동,"21,627",0.7,"30,896"
서울특별시 양천구 신정2동,234,서울특별시 양천구 신정2동,1115065,1147063000,서울특별시,양천구,2019,양천구,신정2동,"20,685",0.52,"39,779"
서울특별시 양천구 신정3동,235,서울특별시 양천구 신정3동,1115066,1147064000,서울특별시,양천구,2019,양천구,신정3동,"48,151",2.72,"17,703"
서울특별시 양천구 신정6동,236,서울특별시 양천구 신정6동,1115069,1147067000,서울특별시,양천구,2019,양천구,신정6동,"25,304",0.96,"26,358"
서울특별시 양천구 신정7동,237,서울특별시 양천구 신정7동,1115070,1147068000,서울특별시,양천구,2019,양천구,신정7동,"30,904",1.21,"25,540"
서울특별시 양천구 목5동,238,서울특별시 양천구 목5동,1115071,1147055000,서울특별시,양천구,2019,양천구,목5동,"42,948",1.81,"23,728"
서울특별시 양천구 신정4동,239,서울특별시 양천구 신정4동,1115072,1147065000,서울특별시,양천구,2019,양천구,신정4동,"35,581",1.01,"35,229"
서울특별시 강서구 염창동,240,서울특별시 강서구 염창동,1116051,1150051000,서울특별시,강서구,2019,강서구,염창동,"42,579",1.74,"24,471"
서울특별시 강서구 등촌1동,241,서울특별시 강서구 등촌1동,1116052,1150052000,서울특별시,강서구,2019,강서구,등촌1동,"23,717",0.59,"40,198"
서울특별시 강서구 등촌2동,242,서울특별시 강서구 등촌2동,1116053,1150053000,서울특별시,강서구,2019,강서구,등촌2동,"21,868",0.92,"23,770"
서울특별시 강서구 등촌3동,243,서울특별시 강서구 등촌3동,1116054,1150053500,서울특별시,강서구,2019,강서구,등촌3동,"32,506",0.79,"41,147"
서울특별시 강서구 화곡본동,244,서울특별시 강서구 화곡본동,1116055,1150059000,서울특별시,강서구,2019,강서구,화곡본동,"35,918",1.11,"32,359"
서울특별시 강서구 화곡2동,245,서울특별시 강서구 화곡2동,1116057,1150055000,서울특별시,강서구,2019,강서구,화곡2동,"19,487",0.47,"41,462"
서울특별시 강서구 화곡3동,246,서울특별시 강서구 화곡3동,1116058,1150056000,서울특별시,강서구,2019,강서구,화곡3동,"22,710",0.51,"44,529"
서울특별시 강서구 화곡4동,247,서울특별시 강서구 화곡4동,1116059,1150057000,서울특별시,강서구,2019,강서구,화곡4동,"22,044",0.82,"26,883"
서울특별시 강서구 화곡6동,248,서울특별시 강서구 화곡6동,1116061,1150059100,서울특별시,강서구,2019,강서구,화곡6동,"25,118",1.12,"22,427"
서울특별시 강서구 화곡8동,249,서울특별시 강서구 화곡8동,1116063,1150059300,서울특별시,강서구,2019,강서구,화곡8동,"26,509",0.53,"50,017"
서울특별시 강서구 가양1동,250,서울특별시 강서구 가양1동,1116064,1150060300,서울특별시,강서구,2019,강서구,가양1동,"34,154",4.7,"7,267"
서울특별시 강서구 가양2동,251,서울특별시 강서구 가양2동,1116065,1150060400,서울특별시,강서구,2019,강서구,가양2동,"15,140",1.0,"15,140"
서울특별시 강서구 가양3동,252,서울특별시 강서구 가양3동,1116066,1150060500,서울특별시,강서구,2019,강서구,가양3동,"16,199",0.99,"16,363"
서울특별시 강서구 발산1동,253,서울특별시 강서구 발산1동,1116067,1150061100,서울특별시,강서구,2019,강서구,발산1동,"38,507",2.96,"13,009"
서울특별시 강서구 공항동,254,서울특별시 강서구 공항동,1116069,1150062000,서울특별시,강서구,2019,강서구,공항동,"28,261",10.87,"2,600"
서울특별시 강서구 방화1동,255,서울특별시 강서구 방화1동,1116070,1150063000,서울특별시,강서구,2019,강서구,방화1동,"45,668",1.04,"43,912"
서울특별시 강서구 방화2동,256,서울특별시 강서구 방화2동,1116071,1150064000,서울특별시,강서구,2019,강서구,방화2동,"24,051",6.41,"3,752"
서울특별시 강서구 방화3동,257,서울특별시 강서구 방화3동,1116072,1150064100,서울특별시,강서구,2019,강서구,방화3동,"24,467",2.38,"10,280"
서울특별시 강서구 화곡1동,258,서울특별시 강서구 화곡1동,1116073,1150054000,서울특별시,강서구,2019,강서구,화곡1동,"54,562",1.12,"48,716"
서울특별시 강서구 우장산동,259,서울특별시 강서구 우장산동,1116074,1150061500,서울특별시,강서구,2019,강서구,우장산동,"44,808",1.36,"32,947"
서울특별시 구로구 신도림동,260,서울특별시 구로구 신도림동,1117051,1153051000,서울특별시,구로구,2019,구로구,신도림동,"37,188",1.47,"25,298"
서울특별시 구로구 구로1동,261,서울특별시 구로구 구로1동,1117052,1153052000,서울특별시,구로구,2019,구로구,구로1동,"22,097",1.02,"21,664"
서울특별시 구로구 구로3동,262,서울특별시 구로구 구로3동,1117054,1153054000,서울특별시,구로구,2019,구로구,구로3동,"26,290",1.02,"25,775"
서울특별시 구로구 구로4동,263,서울특별시 구로구 구로4동,1117055,1153055000,서울특별시,구로구,2019,구로구,구로4동,"26,219",0.46,"56,998"
서울특별시 구로구 구로5동,264,서울특별시 구로구 구로5동,1117056,1153056000,서울특별시,구로구,2019,구로구,구로5동,"33,426",1.03,"32,452"
서울특별시 구로구 고척1동,265,서울특별시 구로구 고척1동,1117061,1153072000,서울특별시,구로구,2019,구로구,고척1동,"24,182",1.16,"20,847"
서울특별시 구로구 고척2동,266,서울특별시 구로구 고척2동,1117062,1153073000,서울특별시,구로구,2019,구로구,고척2동,"28,950",1.02,"28,382"
서울특별시 구로구 개봉2동,267,서울특별시 구로구 개봉2동,1117064,1153075000,서울특별시,구로구,2019,구로구,개봉2동,"33,036",0.8,"41,295"
서울특별시 구로구 개봉3동,268,서울특별시 구로구 개봉3동,1117065,1153076000,서울특별시,구로구,2019,구로구,개봉3동,"22,005",0.81,"27,167"
서울특별시 구로구 오류1동,269,서울특별시 구로구 오류1동,1117067,1153077000,서울특별시,구로구,2019,구로구,오류1동,"23,295",0.59,"39,483"
서울특별시 구로구 항동,270,서울특별시 구로구 항동,1117074,1153080000,서울특별시,구로구,2019,구로구,항동,"16,233",1.4,"11,595"
서울특별시 구로구 수궁동,271,서울특별시 구로구 수궁동,1117069,1153079000,서울특별시,구로구,2019,구로구,수궁동,"24,890",2.67,"9,322"
서울특별시 구로구 가리봉동,272,서울특별시 구로구 가리봉동,1117070,1153059500,서울특별시,구로구,2019,구로구,가리봉동,"15,250",0.4,"38,125"
서울특별시 구로구 구로2동,273,서울특별시 구로구 구로2동,1117071,1153053000,서울특별시,구로구,2019,구로구,구로2동,"35,208",1.76,"20,005"
서울특별시 구로구 개봉1동,274,서울특별시 구로구 개봉1동,1117072,1153074000,서울특별시,구로구,2019,구로구,개봉1동,"33,835",1.31,"25,828"
서울특별시 금천구 가산동,275,서울특별시 금천구 가산동,1118051,1154551000,서울특별시,금천구,2019,금천구,가산동,"24,455",2.52,"9,704"
서울특별시 금천구 독산1동,276,서울특별시 금천구 독산1동,1118052,1154561000,서울특별시,금천구,2019,금천구,독산1동,"43,840",2.09,"20,976"
서울특별시 금천구 독산2동,277,서울특별시 금천구 독산2동,1118053,1154562000,서울특별시,금천구,2019,금천구,독산2동,"21,405",0.6,"35,675"
서울특별시 금천구 독산3동,278,서울특별시 금천구 독산3동,1118054,1154563000,서울특별시,금천구,2019,금천구,독산3동,"29,916",0.92,"32,517"
서울특별시 금천구 독산4동,279,서울특별시 금천구 독산4동,1118055,1154564000,서울특별시,금천구,2019,금천구,독산4동,"18,227",0.59,"30,893"
서울특별시 금천구 시흥1동,280,서울특별시 금천구 시흥1동,1118057,1154567000,서울특별시,금천구,2019,금천구,시흥1동,"36,706",1.71,"21,465"
서울특별시 금천구 시흥2동,281,서울특별시 금천구 시흥2동,1118058,1154568000,서울특별시,금천구,2019,금천구,시흥2동,"22,659",1.26,"17,983"
서울특별시 금천구 시흥3동,282,서울특별시 금천구 시흥3동,1118059,1154569000,서울특별시,금천구,2019,금천구,시흥3동,"11,524",1.07,"10,770"
서울특별시 금천구 시흥4동,283,서울특별시 금천구 시흥4동,1118060,1154570000,서울특별시,금천구,2019,금천구,시흥4동,"22,216",0.87,"25,536"
서울특별시 금천구 시흥5동,284,서울특별시 금천구 시흥5동,1118061,1154571000,서울특별시,금천구,2019,금천구,시흥5동,"20,872",1.39,"15,016"
서울특별시 영등포구 여의동,285,서울특별시 영등포구 여의동,1119054,1156054000,서울특별시,영등포구,2019,영등포구,여의동,"34,598",8.4,"4,119"
서울특별시 영등포구 당산1동,286,서울특별시 영등포구 당산1동,1119055,1156055000,서울특별시,영등포구,2019,영등포구,당산1동,"21,524",0.75,"28,699"
서울특별시 영등포구 당산2동,287,서울특별시 영등포구 당산2동,1119056,1156056000,서울특별시,영등포구,2019,영등포구,당산2동,"36,324",1.55,"23,435"
서울특별시 영등포구 양평1동,288,서울특별시 영등포구 양평1동,1119061,1156061000,서울특별시,영등포구,2019,영등포구,양평1동,"18,263",0.88,"20,753"
서울특별시 영등포구 양평2동,289,서울특별시 영등포구 양평2동,1119062,1156062000,서울특별시,영등포구,2019,영등포구,양평2동,"22,802",3.0,"7,601"
서울특별시 영등포구 신길1동,290,서울특별시 영등포구 신길1동,1119063,1156063000,서울특별시,영등포구,2019,영등포구,신길1동,"19,750",0.66,"29,924"
서울특별시 영등포구 신길3동,291,서울특별시 영등포구 신길3동,1119065,1156065000,서울특별시,영등포구,2019,영등포구,신길3동,"18,727",0.52,"36,013"
서울특별시 영등포구 신길4동,292,서울특별시 영등포구 신길4동,1119066,1156066000,서울특별시,영등포구,2019,영등포구,신길4동,"9,985",0.35,"28,529"
서울특별시 영등포구 신길5동,293,서울특별시 영등포구 신길5동,1119067,1156067000,서울특별시,영등포구,2019,영등포구,신길5동,"10,670",0.47,"22,702"
서울특별시 영등포구 신길6동,294,서울특별시 영등포구 신길6동,1119068,1156068000,서울특별시,영등포구,2019,영등포구,신길6동,"19,434",0.68,"28,579"
서울특별시 영등포구 신길7동,295,서울특별시 영등포구 신길7동,1119069,1156069000,서울특별시,영등포구,2019,영등포구,신길7동,"17,075",0.64,"26,680"
서울특별시 영등포구 대림1동,296,서울특별시 영등포구 대림1동,1119070,1156070000,서울특별시,영등포구,2019,영등포구,대림1동,"16,332",0.49,"33,331"
서울특별시 영등포구 대림2동,297,서울특별시 영등포구 대림2동,1119071,1156071000,서울특별시,영등포구,2019,영등포구,대림2동,"21,370",0.55,"38,855"
서울특별시 영등포구 대림3동,298,서울특별시 영등포구 대림3동,1119072,1156072000,서울특별시,영등포구,2019,영등포구,대림3동,"28,638",0.95,"30,145"
서울특별시 영등포구 영등포본동,299,서울특별시 영등포구 영등포본동,1119073,1156051500,서울특별시,영등포구,2019,영등포구,영등포본동,"24,813",1.02,"24,326"
서울특별시 영등포구 영등포동,300,서울특별시 영등포구 영등포동,1119074,1156053500,서울특별시,영등포구,2019,영등포구,영등포동,"27,166",1.26,"21,560"
서울특별시 영등포구 도림동,301,서울특별시 영등포구 도림동,1119075,1156058500,서울특별시,영등포구,2019,영등포구,도림동,"21,552",0.89,"24,216"
서울특별시 영등포구 문래동,302,서울특별시 영등포구 문래동,1119076,1156060500,서울특별시,영등포구,2019,영등포구,문래동,"31,963",1.49,"21,452"
서울특별시 동작구 노량진2동,303,서울특별시 동작구 노량진2동,1120052,1159052000,서울특별시,동작구,2019,동작구,노량진2동,"13,789",0.64,"21,545"
서울특별시 동작구 상도1동,304,서울특별시 동작구 상도1동,1120053,1159053000,서울특별시,동작구,2019,동작구,상도1동,"48,153",1.51,"31,889"
서울특별시 동작구 상도2동,305,서울특별시 동작구 상도2동,1120054,1159054000,서울특별시,동작구,2019,동작구,상도2동,"29,270",0.98,"29,867"
서울특별시 동작구 상도3동,306,서울특별시 동작구 상도3동,1120055,1159055000,서울특별시,동작구,2019,동작구,상도3동,"26,041",0.6,"43,402"
서울특별시 동작구 상도4동,307,서울특별시 동작구 상도4동,1120056,1159056000,서울특별시,동작구,2019,동작구,상도4동,"29,893",0.75,"39,857"
서울특별시 동작구 사당1동,308,서울특별시 동작구 사당1동,1120063,1159062000,서울특별시,동작구,2019,동작구,사당1동,"24,026",0.79,"30,413"
서울특별시 동작구 사당3동,309,서울특별시 동작구 사당3동,1120065,1159064000,서울특별시,동작구,2019,동작구,사당3동,"26,034",0.92,"28,298"
서울특별시 동작구 사당4동,310,서울특별시 동작구 사당4동,1120066,1159065000,서울특별시,동작구,2019,동작구,사당4동,"14,921",0.38,"39,266"
서울특별시 동작구 사당5동,311,서울특별시 동작구 사당5동,1120067,1159065100,서울특별시,동작구,2019,동작구,사당5동,"12,886",0.57,"22,607"
서울특별시 동작구 대방동,312,서울특별시 동작구 대방동,1120068,1159066000,서울특별시,동작구,2019,동작구,대방동,"40,177",1.55,"25,921"
서울특별시 동작구 신대방1동,313,서울특별시 동작구 신대방1동,1120069,1159067000,서울특별시,동작구,2019,동작구,신대방1동,"26,599",0.62,"42,902"
서울특별시 동작구 신대방2동,314,서울특별시 동작구 신대방2동,1120070,1159068000,서울특별시,동작구,2019,동작구,신대방2동,"20,719",1.03,"20,116"
서울특별시 동작구 흑석동,315,서울특별시 동작구 흑석동,1120071,1159060500,서울특별시,동작구,2019,동작구,흑석동,"35,551",1.68,"21,161"
서울특별시 동작구 노량진1동,316,서울특별시 동작구 노량진1동,1120072,1159051000,서울특별시,동작구,2019,동작구,노량진1동,"32,563",1.58,"20,609"
서울특별시 동작구 사당2동,317,서울특별시 동작구 사당2동,1120073,1159063000,서울특별시,동작구,2019,동작구,사당2동,"28,290",2.75,"10,287"
서울특별시 관악구 보라매동,318,서울특별시 관악구 보라매동,1121052,1162052500,서울특별시,관악구,2019,관악구,보라매동,"26,496",0.76,"34,863"
서울특별시 관악구 청림동,319,서울특별시 관악구 청림동,1121054,1162054500,서울특별시,관악구,2019,관악구,청림동,"16,286",0.3,"54,287"
서울특별시 관악구 행운동,320,서울특별시 관악구 행운동,1121057,1162057500,서울특별시,관악구,2019,관악구,행운동,"30,061",0.72,"41,751"
서울특별시 관악구 낙성대동,321,서울특별시 관악구 낙성대동,1121058,1162058500,서울특별시,관악구,2019,관악구,낙성대동,"17,623",2.27,"7,763"
서울특별시 관악구 중앙동,322,서울특별시 관악구 중앙동,1121061,1162061500,서울특별시,관악구,2019,관악구,중앙동,"15,895",0.39,"40,756"
서울특별시 관악구 인헌동,323,서울특별시 관악구 인헌동,1121062,1162062500,서울특별시,관악구,2019,관악구,인헌동,"27,088",1.08,"25,081"
서울특별시 관악구 남현동,324,서울특별시 관악구 남현동,1121063,1162063000,서울특별시,관악구,2019,관악구,남현동,"18,980",3.27,"5,804"
서울특별시 관악구 서원동,325,서울특별시 관악구 서원동,1121064,1162064500,서울특별시,관악구,2019,관악구,서원동,"24,068",0.65,"37,028"
서울특별시 관악구 신원동,326,서울특별시 관악구 신원동,1121065,1162065500,서울특별시,관악구,2019,관악구,신원동,"19,742",0.55,"35,895"
서울특별시 관악구 서림동,327,서울특별시 관악구 서림동,1121066,1162066500,서울특별시,관악구,2019,관악구,서림동,"24,339",0.99,"24,585"
서울특별시 관악구 신사동,328,서울특별시 관악구 신사동,1121068,1162068500,서울특별시,관악구,2019,관악구,신사동,"25,960",0.64,"40,563"
서울특별시 관악구 신림동,329,서울특별시 관악구 신림동,1121069,1162069500,서울특별시,관악구,2019,관악구,신림동,"22,525",0.54,"41,713"
서울특별시 관악구 난향동,330,서울특별시 관악구 난향동,1121071,1162071500,서울특별시,관악구,2019,관악구,난향동,"16,394",0.8,"20,493"
서울특별시 관악구 조원동,331,서울특별시 관악구 조원동,1121072,1162072500,서울특별시,관악구,2019,관악구,조원동,"19,579",0.67,"29,222"
서울특별시 관악구 대학동,332,서울특별시 관악구 대학동,1121073,1162073500,서울특별시,관악구,2019,관악구,대학동,"24,457",8.3,"2,947"
서울특별시 관악구 은천동,333,서울특별시 관악구 은천동,1121078,1162060500,서울특별시,관악구,2019,관악구,은천동,"35,337",0.78,"45,304"
서울특별시 관악구 성현동,334,서울특별시 관악구 성현동,1121079,1162056500,서울특별시,관악구,2019,관악구,성현동,"31,175",0.68,"45,846"
서울특별시 관악구 청룡동,335,서울특별시 관악구 청룡동,1121080,1162059500,서울특별시,관악구,2019,관악구,청룡동,"34,440",1.18,"29,186"
서울특별시 관악구 난곡동,336,서울특별시 관악구 난곡동,1121081,1162077500,서울특별시,관악구,2019,관악구,난곡동,"28,912",0.96,"30,117"
서울특별시 관악구 삼성동,337,서울특별시 관악구 삼성동,1121082,1162074500,서울특별시,관악구,2019,관악구,삼성동,"25,226",2.66,"9,483"
서울특별시 관악구 미성동,338,서울특별시 관악구 미성동,1121083,1162076500,서울특별시,관악구,2019,관악구,미성동,"32,751",1.38,"23,733"
서울특별시 서초구 서초1동,339,서울특별시 서초구 서초1동,1122051,1165051000,서울특별시,서초구,2019,서초구,서초1동,"21,579",1.42,"15,196"
서울특별시 서초구 서초2동,340,서울특별시 서초구 서초2동,1122052,1165052000,서울특별시,서초구,2019,서초구,서초2동,"18,837",1.24,"15,191"
서울특별시 서초구 서초3동,341,서울특별시 서초구 서초3동,1122053,1165053000,서울특별시,서초구,2019,서초구,서초3동,"30,951",2.93,"10,563"
서울특별시 서초구 서초4동,342,서울특별시 서초구 서초4동,1122054,1165053100,서울특별시,서초구,2019,서초구,서초4동,"31,988",0.88,"36,350"
서울특별시 서초구 잠원동,343,서울특별시 서초구 잠원동,1122055,1165054000,서울특별시,서초구,2019,서초구,잠원동,"35,131",1.76,"19,961"
서울특별시 서초구 반포본동,344,서울특별시 서초구 반포본동,1122056,1165055000,서울특별시,서초구,2019,서초구,반포본동,"12,190",1.01,"12,069"
서울특별시 서초구 반포1동,345,서울특별시 서초구 반포1동,1122057,1165056000,서울특별시,서초구,2019,서초구,반포1동,"33,237",1.0,"33,237"
서울특별시 서초구 반포2동,346,서울특별시 서초구 반포2동,1122058,1165057000,서울특별시,서초구,2019,서초구,반포2동,"16,385",1.35,"12,137"
서울특별시 서초구 반포3동,347,서울특별시 서초구 반포3동,1122059,1165058000,서울특별시,서초구,2019,서초구,반포3동,"20,390",1.28,"15,930"
서울특별시 서초구 반포4동,348,서울특별시 서초구 반포4동,1122060,1165058100,서울특별시,서초구,2019,서초구,반포4동,"20,232",1.43,"14,148"
서울특별시 서초구 방배본동,349,서울특별시 서초구 방배본동,1122061,1165059000,서울특별시,서초구,2019,서초구,방배본동,"21,585",0.67,"32,216"
서울특별시 서초구 방배1동,350,서울특별시 서초구 방배1동,1122062,1165060000,서울특별시,서초구,2019,서초구,방배1동,"17,524",0.7,"25,034"
서울특별시 서초구 방배2동,351,서울특별시 서초구 방배2동,1122063,1165061000,서울특별시,서초구,2019,서초구,방배2동,"20,958",1.93,"10,859"
서울특별시 서초구 방배3동,352,서울특별시 서초구 방배3동,1122064,1165062000,서울특별시,서초구,2019,서초구,방배3동,"22,455",2.4,"9,356"
서울특별시 서초구 방배4동,353,서울특별시 서초구 방배4동,1122065,1165062100,서울특별시,서초구,2019,서초구,방배4동,"24,083",0.98,"24,574"
서울특별시 서초구 양재1동,354,서울특별시 서초구 양재1동,1122066,1165065100,서울특별시,서초구,2019,서초구,양재1동,"45,940",5.76,"7,976"
서울특별시 서초구 양재2동,355,서울특별시 서초구 양재2동,1122067,1165065200,서울특별시,서초구,2019,서초구,양재2동,"23,161",7.58,"3,056"
서울특별시 서초구 내곡동,356,서울특별시 서초구 내곡동,1122068,1165066000,서울특별시,서초구,2019,서초구,내곡동,"18,481",12.68,"1,457"
서울특별시 강남구 신사동,357,서울특별시 강남구 신사동,1123051,1168051000,서울특별시,강남구,2019,강남구,신사동,"17,546",1.89,"9,284"
서울특별시 강남구 논현1동,358,서울특별시 강남구 논현1동,1123052,1168052100,서울특별시,강남구,2019,강남구,논현1동,"23,792",1.25,"19,034"
서울특별시 강남구 논현2동,359,서울특별시 강남구 논현2동,1123053,1168053100,서울특별시,강남구,2019,강남구,논현2동,"21,904",1.47,"14,901"
서울특별시 강남구 삼성1동,360,서울특별시 강남구 삼성1동,1123058,1168058000,서울특별시,강남구,2019,강남구,삼성1동,"14,920",1.94,"7,691"
서울특별시 강남구 삼성2동,361,서울특별시 강남구 삼성2동,1123059,1168059000,서울특별시,강남구,2019,강남구,삼성2동,"30,674",1.24,"24,737"
서울특별시 강남구 대치1동,362,서울특별시 강남구 대치1동,1123060,1168060000,서울특별시,강남구,2019,강남구,대치1동,"25,302",0.79,"32,028"
서울특별시 강남구 대치4동,363,서울특별시 강남구 대치4동,1123063,1168063000,서울특별시,강남구,2019,강남구,대치4동,"20,822",0.73,"28,523"
서울특별시 강남구 역삼1동,364,서울특별시 강남구 역삼1동,1123064,1168064000,서울특별시,강남구,2019,강남구,역삼1동,"37,002",2.35,"15,746"
서울특별시 강남구 역삼2동,365,서울특별시 강남구 역삼2동,1123065,1168065000,서울특별시,강남구,2019,강남구,역삼2동,"37,336",1.15,"32,466"
서울특별시 강남구 도곡1동,366,서울특별시 강남구 도곡1동,1123066,1168065500,서울특별시,강남구,2019,강남구,도곡1동,"22,626",1.02,"22,182"
서울특별시 강남구 도곡2동,367,서울특별시 강남구 도곡2동,1123067,1168065600,서울특별시,강남구,2019,강남구,도곡2동,"34,437",1.02,"33,762"
서울특별시 강남구 개포1동,368,서울특별시 강남구 개포1동,1123068,1168066000,서울특별시,강남구,2019,강남구,개포1동,"6,920",1.27,"5,449"
서울특별시 강남구 개포4동,369,서울특별시 강남구 개포4동,1123071,1168069000,서울특별시,강남구,2019,강남구,개포4동,"18,405",1.49,"12,352"
서울특별시 강남구 일원본동,370,서울특별시 강남구 일원본동,1123072,1168072000,서울특별시,강남구,2019,강남구,일원본동,"24,399",2.58,"9,457"
서울특별시 강남구 일원1동,371,서울특별시 강남구 일원1동,1123073,1168073000,서울특별시,강남구,2019,강남구,일원1동,"16,438",0.92,"17,867"
서울특별시 강남구 일원2동,372,서울특별시 강남구 일원2동,1123074,1168074000,서울특별시,강남구,2019,강남구,일원2동,"18,160",1.24,"14,645"
서울특별시 강남구 수서동,373,서울특별시 강남구 수서동,1123075,1168075000,서울특별시,강남구,2019,강남구,수서동,"15,934",1.43,"11,143"
서울특별시 강남구 세곡동,374,서울특별시 강남구 세곡동,1123076,1168070000,서울특별시,강남구,2019,강남구,세곡동,"45,064",6.36,"7,086"
서울특별시 강남구 압구정동,375,서울특별시 강남구 압구정동,1123077,1168054500,서울특별시,강남구,2019,강남구,압구정동,"27,712",2.53,"10,953"
서울특별시 강남구 청담동,376,서울특별시 강남구 청담동,1123078,1168056500,서울특별시,강남구,2019,강남구,청담동,"30,120",2.33,"12,927"
서울특별시 강남구 대치2동,377,서울특별시 강남구 대치2동,1123079,1168061000,서울특별시,강남구,2019,강남구,대치2동,"38,647",2.0,"19,324"
서울특별시 강남구 개포2동,378,서울특별시 강남구 개포2동,1123080,1168067000,서울특별시,강남구,2019,강남구,개포2동,"22,049",2.51,"8,784"
서울특별시 송파구 풍납1동,379,서울특별시 송파구 풍납1동,1124051,1171051000,서울특별시,송파구,2019,송파구,풍납1동,"15,518",0.77,"20,153"
서울특별시 송파구 풍납2동,380,서울특별시 송파구 풍납2동,1124052,1171052000,서울특별시,송파구,2019,송파구,풍납2동,"25,288",1.59,"15,904"
서울특별시 송파구 거여1동,381,서울특별시 송파구 거여1동,1124053,1171053100,서울특별시,송파구,2019,송파구,거여1동,"13,221",0.51,"25,924"
서울특별시 송파구 거여2동,382,서울특별시 송파구 거여2동,1124054,1171053200,서울특별시,송파구,2019,송파구,거여2동,"16,921",0.53,"31,926"
서울특별시 송파구 마천1동,383,서울특별시 송파구 마천1동,1124055,1171054000,서울특별시,송파구,2019,송파구,마천1동,"20,764",0.58,"35,800"
서울특별시 송파구 마천2동,384,서울특별시 송파구 마천2동,1124056,1171055000,서울특별시,송파구,2019,송파구,마천2동,"20,242",0.89,"22,744"
서울특별시 송파구 방이1동,385,서울특별시 송파구 방이1동,1124057,1171056100,서울특별시,송파구,2019,송파구,방이1동,"16,524",0.5,"33,048"
서울특별시 송파구 방이2동,386,서울특별시 송파구 방이2동,1124058,1171056200,서울특별시,송파구,2019,송파구,방이2동,"26,044",0.8,"32,555"
서울특별시 송파구 오륜동,387,서울특별시 송파구 오륜동,1124059,1171056600,서울특별시,송파구,2019,송파구,오륜동,"18,864",3.17,"5,951"
서울특별시 송파구 오금동,388,서울특별시 송파구 오금동,1124060,1171057000,서울특별시,송파구,2019,송파구,오금동,"41,067",1.65,"24,889"
서울특별시 송파구 송파1동,389,서울특별시 송파구 송파1동,1124061,1171058000,서울특별시,송파구,2019,송파구,송파1동,"26,026",0.79,"32,944"
서울특별시 송파구 송파2동,390,서울특별시 송파구 송파2동,1124062,1171059000,서울특별시,송파구,2019,송파구,송파2동,"20,862",0.53,"39,362"
서울특별시 송파구 석촌동,391,서울특별시 송파구 석촌동,1124063,1171060000,서울특별시,송파구,2019,송파구,석촌동,"34,309",0.95,"36,115"
서울특별시 송파구 삼전동,392,서울특별시 송파구 삼전동,1124064,1171061000,서울특별시,송파구,2019,송파구,삼전동,"32,613",0.95,"34,329"
서울특별시 송파구 가락본동,393,서울특별시 송파구 가락본동,1124065,1171062000,서울특별시,송파구,2019,송파구,가락본동,"27,876",1.13,"24,669"
서울특별시 송파구 가락1동,394,서울특별시 송파구 가락1동,1124066,1171063100,서울특별시,송파구,2019,송파구,가락1동,"27,716",1.34,"20,684"
서울특별시 송파구 가락2동,395,서울특별시 송파구 가락2동,1124067,1171063200,서울특별시,송파구,2019,송파구,가락2동,"33,920",0.96,"35,333"
서울특별시 송파구 문정1동,396,서울특별시 송파구 문정1동,1124068,1171064100,서울특별시,송파구,2019,송파구,문정1동,"21,301",0.56,"38,038"
서울특별시 송파구 문정2동,397,서울특별시 송파구 문정2동,1124069,1171064200,서울특별시,송파구,2019,송파구,문정2동,"29,967",2.2,"13,621"
서울특별시 송파구 잠실본동,398,서울특별시 송파구 잠실본동,1124071,1171065000,서울특별시,송파구,2019,송파구,잠실본동,"29,628",0.94,"31,519"
서울특별시 송파구 잠실4동,399,서울특별시 송파구 잠실4동,1124075,1171069000,서울특별시,송파구,2019,송파구,잠실4동,"22,240",1.56,"14,256"
서울특별시 송파구 잠실6동,400,서울특별시 송파구 잠실6동,1124077,1171071000,서울특별시,송파구,2019,송파구,잠실6동,"17,441",2.79,"6,251"
서울특별시 송파구 잠실7동,401,서울특별시 송파구 잠실7동,1124078,1171072000,서울특별시,송파구,2019,송파구,잠실7동,"10,191",0.6,"16,985"
서울특별시 송파구 잠실2동,402,서울특별시 송파구 잠실2동,1124079,1171067000,서울특별시,송파구,2019,송파구,잠실2동,"36,809",2.18,"16,885"
서울특별시 송파구 잠실3동,403,서울특별시 송파구 잠실3동,1124080,1171068000,서울특별시,송파구,2019,송파구,잠실3동,"36,038",1.49,"24,187"
서울특별시 송파구 장지동,404,서울특별시 송파구 장지동,1124081,1171064600,서울특별시,송파구,2019,송파구,장지동,"33,055",1.37,"24,128"
서울특별시 송파구 위례동,405,서울특별시 송파구 위례동,1124082,1171064700,서울특별시,송파구,2019,송파구,위례동,"28,296",2.55,"11,096"
서울특별시 강동구 강일동,406,서울특별시 강동구 강일동,1125051,1174051500,서울특별시,강동구,2019,강동구,강일동,"32,127",2.8,"11,474"
서울특별시 강동구 상일동,407,서울특별시 강동구 상일동,1125052,1174052000,서울특별시,강동구,2019,강동구,상일동,"10,773",2.65,"4,065"
서울특별시 강동구 명일1동,408,서울특별시 강동구 명일1동,1125053,1174053000,서울특별시,강동구,2019,강동구,명일1동,"26,758",0.61,"43,866"
서울특별시 강동구 명일2동,409,서울특별시 강동구 명일2동,1125054,1174054000,서울특별시,강동구,2019,강동구,명일2동,"17,778",0.97,"18,328"
서울특별시 강동구 고덕1동,410,서울특별시 강동구 고덕1동,1125055,1174055000,서울특별시,강동구,2019,강동구,고덕1동,"27,079",1.73,"15,653"
서울특별시 강동구 고덕2동,411,서울특별시 강동구 고덕2동,1125056,1174056000,서울특별시,강동구,2019,강동구,고덕2동,"19,345",2.01,"9,624"
서울특별시 강동구 암사2동,412,서울특별시 강동구 암사2동,1125058,1174058000,서울특별시,강동구,2019,강동구,암사2동,"14,774",1.18,"12,520"
서울특별시 강동구 암사3동,413,서울특별시 강동구 암사3동,1125059,1174059000,서울특별시,강동구,2019,강동구,암사3동,"18,693",2.51,"7,447"
서울특별시 강동구 천호1동,414,서울특별시 강동구 천호1동,1125061,1174060000,서울특별시,강동구,2019,강동구,천호1동,"28,400",0.71,"40,000"
서울특별시 강동구 천호3동,415,서울특별시 강동구 천호3동,1125063,1174062000,서울특별시,강동구,2019,강동구,천호3동,"27,996",0.79,"35,438"
서울특별시 강동구 성내1동,416,서울특별시 강동구 성내1동,1125065,1174064000,서울특별시,강동구,2019,강동구,성내1동,"20,561",0.58,"35,450"
서울특별시 강동구 성내2동,417,서울특별시 강동구 성내2동,1125066,1174065000,서울특별시,강동구,2019,강동구,성내2동,"25,186",0.67,"37,591"
서울특별시 강동구 성내3동,418,서울특별시 강동구 성내3동,1125067,1174066000,서울특별시,강동구,2019,강동구,성내3동,"23,921",0.71,"33,692"
서울특별시 강동구 둔촌1동,419,서울특별시 강동구 둔촌1동,1125070,1174069000,서울특별시,강동구,2019,강동구,둔촌1동,283,0.92,308
서울특별시 강동구 둔촌2동,420,서울특별시 강동구 둔촌2동,1125071,1174070000,서울특별시,강동구,2019,강동구,둔촌2동,"27,752",0.98,"28,318"
서울특별시 강동구 암사1동,421,서울특별시 강동구 암사1동,1125072,1174057000,서울특별시,강동구,2019,강동구,암사1동,"36,693",1.02,"35,974"
서울특별시 강동구 천호2동,422,서울특별시 강동구 천호2동,1125073,1174061000,서울특별시,강동구,2019,강동구,천호2동,"35,904",1.57,"22,869"
서울특별시 강동구 길동,423,서울특별시 강동구 길동,1125074,1174068500,서울특별시,강동구,2019,강동구,길동,"46,367",2.17,"21,367"
서울특별시 구로구 오류2동,424,서울특별시 구로구 오류2동,1117073,1153078000,서울특별시,구로구,2019,구로구,오류2동,"53,500",4.6,"11,630"
