대여소번호,대여소명,동,구,총거치대수,2020년_대여수,2019년_대여수
1695,월계미륭아파트 정문,월계3동,노원구,10,0,0
2301,현대고등학교 건너편,신사동,강남구,10,11352,17117
2302,교보타워 버스정류장(신논현역 3번출구 후면),논현1동,강남구,10,4762,12548
2303,논현역 7번출구,논현1동,강남구,15,2367,8413
2304,신영 ROYAL PALACE 앞,논현2동,강남구,10,931,2631
2305,MCM 본사 직영점 앞,논현2동,강남구,10,1426,3239
2306,압구정역 2번 출구 옆,신사동,강남구,30,4213,11067
2307,압구정 한양 3차 아파트,압구정동,강남구,10,5360,10955
2308,압구정파출소 앞,압구정동,강남구,14,2923,5955
2309,청담역(우리들병원 앞),청담동,강남구,10,1267,3021
2310,청담동 맥도날드 옆(위치),청담동,강남구,10,2136,5140
2311,학동로 래미안 아파트 앞,청담동,강남구,10,1079,2668
2312,청담역 13번 출구 앞,청담동,강남구,10,1528,3205
2313,금원빌딩 앞,청담동,강남구,10,4298,7833
2314,청담나들목입구,삼성1동,강남구,10,3322,5109
2315,봉은사역 5번출구 옆,삼성1동,강남구,10,4293,10931
2316,삼성역 8번출구,삼성1동,강남구,20,4276,9626
2317,삼성도로공원,삼성1동,강남구,10,3594,6422
2318,삼성중앙역4번출구(문화센터더 리빌),삼성1동,강남구,15,1879,5541
2319,포스코4거리 서측(수협 삼성동 지점),삼성2동,강남구,10,1725,4342
2320,도곡역 대치지구대 방향,도곡2동,강남구,10,3320,7290
2321,학여울역 사거리,대치2동,강남구,10,3505,6589
2322,삼성역 3번 출구,대치2동,강남구,15,2378,5752
2323,주식회사 오뚜기 정문 앞,대치2동,강남구,10,1502,2570
2324,천주교 대치 2동 교회 옆,대치2동,강남구,10,3765,7398
2325,대치동 버거킹대치점,대치4동,강남구,10,3417,7708
2326,대치동 삼성로,대치2동,강남구,10,1296,2436
2327,뱅뱅사거리 랜드마크타워 앞,역삼1동,강남구,15,3204,8489
2328,르네상스 호텔 사거리 역삼지하보도 7번출구 앞,역삼1동,강남구,10,1752,5216
2329,르네상스호텔사거리 역삼지하보도 2번출구,역삼1동,강남구,10,831,2532
2330,스타벅스 앞,역삼1동,강남구,10,2277,5678
2331,동영문화센터앞,역삼2동,강남구,20,1892,5654
2332,선릉역3번출구,역삼2동,강남구,15,3711,9443
2333,양재역 3번출구 주변,도곡1동,강남구,15,3918,8399
2334,삼호아파트 2동 ( 간선도로),대치4동,강남구,15,682,2675
2335,3호선 매봉역 3번출구앞,도곡2동,강남구,10,3281,8764
2336,강남세브란스교차로 래미안그레이튼 104동 앞,대치2동,강남구,10,947,3156
2337,대모산입구역 2번출구 앞,개포2동,강남구,15,1374,2759
2339,현대아파트 정문 앞,개포2동,강남구,10,1567,3751
2340,삼호물산버스정류장(23370) 옆,개포4동,강남구,15,4559,11678
2341,일원역 4~5번 출구 사이,일원본동,강남구,10,1178,2125
2342,대청역 1번출구 뒤,일원2동,강남구,10,6286,11792
2343,세곡사거리 대왕파출소 앞,세곡동,강남구,10,487,942
2344,리엔파크 2단지 앞,세곡동,강남구,10,1993,3879
2347,두산건설 본사,논현2동,강남구,15,1232,3909
2348,포스코사거리(기업은행),삼성1동,강남구,20,5140,13030
2349,역삼빌딩 앞(하나은행 옆),역삼1동,강남구,10,1292,4262
2350,래미안그레이튼102동앞,역삼1동,강남구,10,1022,2830
2351,청소년수련관(수영장)앞,일원본동,강남구,15,708,1665
2352,서울본부세관(건설회관 앞),논현2동,강남구,10,996,2705
2353,강남구청역 2번출구 뒤,논현2동,강남구,10,2198,5801
2354,청담역 2번출구,삼성1동,강남구,5,999,1957
2355,삼성역 5~6번 출구 사이,삼성1동,강남구,25,4315,11644
2356,강남구청,삼성2동,강남구,10,1845,4229
2357,르네상스호텔사거리 역삼지하보도 3번출구 앞 (더 오번,역삼2동,강남구,15,1438,4980
2358,구룡초사거리 (현대아파트10동 앞 ),개포1동,강남구,10,826,2708
2359,"국립국악중,고교 정문 맞은편",개포4동,강남구,10,2399,5153
2360,도곡1동 주민센터 교차로,역삼2동,강남구,15,1733,6304
2361,압구정역 교차로,신사동,강남구,10,2859,6545
2362,신사동 가로수길 입구,신사동,강남구,10,3016,6774
2363,강남 을지병원 교차로,논현1동,강남구,15,1182,3175
2364,도산대로 렉서스 앞,신사동,강남구,10,1563,3213
2365,K+ 타워 앞,신사동,강남구,15,3120,6963
2368,도곡동 경남아파트 건너편,도곡1동,강남구,10,811,2992
2369,KT선릉타워,대치2동,강남구,20,2592,6465
2370,한티역 3번출구,대치4동,강남구,20,2556,6823
2371,한국우편사업진흥원,논현2동,강남구,10,1118,3620
2372,대치역 사거리,대치2동,강남구,10,4440,9169
2373,개포동역 사거리,개포2동,강남구,20,3865,6426
2375,수서역 1번출구 앞,수서동,강남구,10,2639,4335
2376,수서역 6번출구 앞,수서동,강남구,20,683,1984
2377,수서역 5번출구 뒤,수서동,강남구,10,5916,14340
2380,삼성동베이직하우스앞,삼성2동,강남구,15,1599,4398
2381,언주역 6번출구앞,역삼1동,강남구,8,1524,3838
2382,역삼동 sk뷰 501동앞,역삼2동,강남구,11,787,2397
2383,보금자리정원,세곡동,강남구,10,689,1501
2384,자곡사거리,세곡동,강남구,10,4854,10965
2385,학동역,논현2동,강남구,10,2091,6617
2386,sk 동우주유소 앞,논현1동,강남구,10,0,0
2387,래미안강남힐즈 사거리,세곡동,강남구,10,2286,7126
2388,강남구 도시관리공단,삼성1동,강남구,10,1066,2761
2389,경기여자고등학교 후문 (삼성로3길 입구),개포2동,강남구,15,1533,2285
2390,구룡마을 입구 (래미안블레스티지 아파트),개포1동,강남구,10,1002,2627
2391,구룡터널 입구(개포1단지아파트),개포1동,강남구,10,87,189
2392,구룡산 입구 (구룡산 서울둘레길 입구),개포4동,강남구,15,369,971
2393,구룡사 앞 교차로 (보도육교),개포4동,강남구,10,271,788
2394,래미안강남포레스트 입구 (보도육교),개포1동,강남구,10,3,0
2395,개포1단지아파트 입구 (보도육교),개포1동,강남구,10,94,672
2396,영동3교 북단(우성캐릭터 앞 보도),도곡2동,강남구,15,2474,5258
2398,더라움,역삼1동,강남구,10,1518,4639
2401,밀알학교 입구 (삼성서울병원 입구),일원본동,강남구,15,905,1595
2403,공무원연금매점 교차로 (개포주공9단지 입구),개포2동,강남구,15,447,965
2404,대모산입구역 4번 출구 앞,개포2동,강남구,10,2279,4665
2405,청담공원앞 교차로,삼성동,강남구,20,2335,5859
2406,논현동 광명빌딩 앞,역삼1동,강남구,10,881,2570
2407,역삼.서초.삼성 세무서 앞 (역삼빌딩 앞),역삼1동,강남구,10,3723,10336
2408,강남한양수자인아파트,세곡동,강남구,14,2141,4242
2409,역삼동 디오슈페리움 (우성아파트 사거리),역삼1동,강남구,20,2794,6342
2410,포스코피앤에스타워 (역삼역 3번출구 부근),역삼2동,강남구,10,1943,5688
2411,세곡동 성당,세곡동,강남구,15,2405,4626
2412,일원1동 주민센터,일원1동,강남구,15,4498,8509
2413,도곡역 1번 출구,도곡2동,강남구,20,189,0
2414,도곡역 아카데미스위트 앞,도곡2동,강남구,20,391,0
2415,한티역 롯데백화점 앞,대치4동,강남구,15,214,0
2416,한티역 6번 출구,도곡2동,강남구,10,75,0
2417,선정릉 일등 추어탕 앞,역삼1동,강남구,10,62,0
2418,봉은사역 7번 출구,삼성1동,강남구,10,251,0
2419,"봉은사역 1,2번 출구",삼성1동,강남구,20,183,0
2420,학여울역 사거리(LG베스트샵 앞),대치2동,강남구,20,252,0
2421,신논현역 4번출구,역삼1동,강남구,15,128,0
2422,수서동 성당 맞은편,수서동,강남구,10,191,0
2423,영희초교 사거리(래미안개포루체하임),일원2동,강남구,10,364,0
2425,세곡동 사거리(대왕초등학교 정류장),세곡동,강남구,20,37,0
2426,강남한신휴플러스 6단지,세곡동,강남구,10,121,0
2427,개포고등학교 정문앞,개포2동,강남구,10,2,0
2428,롯데리아 개포점앞,개포2동,강남구,10,99,0
2429,압구정로데오역 6번출구,압구정동,강남구,10,384,0
2430,강남파이낸스센터앞(역삼역2번출구),역삼1동,강남구,10,142,0
2431,대치역 7번출구,대치1동,강남구,10,288,0
1001,광진교 남단 사거리(디지털프라자앞),천호2동,강동구,14,6671,14291
1002,해공공원(천호동),천호2동,강동구,10,6748,11132
1003,해공도서관앞,천호2동,강동구,20,2722,6927
1004,삼성광나루아파트 버스정류장,암사2동,강동구,10,4902,8930
1006,롯데캐슬 115동앞,명일1동,강동구,15,2814,5289
1007,암사동 선사유적지,암사2동,강동구,16,663,714
1008,암사역 3번출구(국민은행앞),암사2동,강동구,10,9897,19167
1009,천호역4번출구(현대백화점),천호2동,강동구,20,13126,26222
1010,강동세무서,길동,강동구,20,8711,17961
1011,LIGA 아파트 앞,성내3동,강동구,20,8784,21508
1012,서울 상운차량,성내2동,강동구,15,3079,7612
1013,강동구청역 1번 출입구,성내1동,강동구,15,4115,10257
1014,강동구평생학습관앞,고덕2동,강동구,15,3685,6975
1015,샛마을 근린공원,명일1동,강동구,13,3726,7240
1016,해뜨는 주유소옆 리엔파크 109동앞,강일동,강동구,10,2564,3709
1017,맥도날드(길동),길동,강동구,20,5956,11628
1018,둔촌 주공 GS 맞은편,성내3동,강동구,20,1217,6413
1019,다성이즈빌아파트(호원대 대각선 맞은편),성내1동,강동구,10,9507,22413
1020,강동경찰서,성내1동,강동구,15,8047,19764
1021,강일동 리슈빌 빌딩앞,강일동,강동구,15,4241,7875
1022,길동 사거리(초소앞),길동,강동구,20,5299,11421
1023,한국종합기술사옥 앞,강일동,강동구,15,4727,8083
1024,강동구청 앞,성내1동,강동구,10,6734,13129
1025,상일초등학교,상일동,강동구,10,1723,2796
1026,대명초교 입구 교차로,명일1동,강동구,14,1999,3941
1027,프라자 아파트 앞,길동,강동구,20,3411,6585
1028,포레스 주상복합 빌딩,성내2동,강동구,10,3596,8061
1029,롯데 시네마,성내2동,강동구,10,6504,15112
1030,미호 플랜트 앞,성내1동,강동구,15,4355,8769
1031,암사동 CBIS,암사3동,강동구,15,1969,3221
1032,선사고등학교,암사3동,강동구,20,1718,3002
1033,고덕동 아남아파트,고덕1동,강동구,10,2691,5082
1034,고덕동 래미안 힐스테이트,고덕1동,강동구,15,1512,2472
1035,고덕역 4번출구,명일2동,강동구,20,3929,11300
1036,고덕동 주양쇼핑,명일2동,강동구,10,4135,6360
1037,강일리버파크 6단지,강일동,강동구,10,681,1199
1038,강일 다솜 어린이 공원,강일동,강동구,10,822,977
1039,고덕초등학교,고덕2동,강동구,7,596,860
1041,묘곡초등학교,고덕1동,강동구,10,2150,4152
1042,강일리버파크 2~5단지,강일동,강동구,10,2153,2792
1044,굽은다리역,명일1동,강동구,15,11309,23917
1047,건강보험 강동지사kt,길동,강동구,10,5521,11893
1048,동부기업(둔촌동),둔촌2동,강동구,10,5749,11017
1049,강일리버파크 10단지,강일동,강동구,10,2549,3810
1050,둔촌역 3번 출입구,성내3동,강동구,15,12123,25833
1051,양지시장 (용성약국앞) 입구,암사1동,강동구,15,4285,8023
1052,리싸이클시티,고덕2동,강동구,10,1160,1968
1053,동명근린공원 진입로 (아리수로),고덕2동,강동구,8,1238,1837
1054,말우물 어린이 공원,상일동,강동구,10,953,947
1056,강일리버파크 7~11단지,강일동,강동구,10,1180,2116
1057,능골근린공원,상일동,강동구,15,1841,2742
1058,고덕숲 아이파크 1,상일동,강동구,12,2758,1378
1059,래미안 강동팰리스(102동),천호3동,강동구,15,4747,10656
1060,천일초교 사거리,천호1동,강동구,8,2641,5432
1061,천호초교 입구 사거리(일주빌딩),천호1동,강동구,10,3111,6705
1062,고덕숲 아이파크 2,상일동,강동구,15,1147,1827
3539,서원마을,암사2동,강동구,10,565,911
1063,강동롯데캐슬퍼스트 아파트(관리동),암사3동,강동구,15,266,0
1064,중앙보훈병원역 1번출구,둔촌2동,강동구,15,155,0
1065,보훈병원 정문옆(중앙대영약국),둔촌2동,강동구,20,129,0
1066,생태공원앞 교차로(조명탑),둔촌2동,강동구,20,55,0
1067,한영중고앞사거리,명일1동,강동구,20,132,0
1068,명일파출소,명일2동,강동구,20,457,0
1069,강동경희대학교병원 입구,상일동,강동구,15,173,0
1070,(시립)고덕평생학습관,고덕2동,강동구,10,0,0
1071,명일근린공원공동체텃밭,상일동,강동구,15,108,0
1072,고덕역 5번출구,고덕1동,강동구,10,0,0
1073,SSTS 몰 앞,천호3동,강동구,10,394,0
1074,대명초교입구 사거리,명일1동,강동구,15,379,0
1075,천동초교 삼거리,천호3동,강동구,10,387,0
1076,전자랜드 길동점,길동,강동구,10,647,0
1077,강동역 1번출구 앞,천호3동,강동구,15,598,0
1078,둔촌사거리,성내3동,강동구,20,772,0
1079,강일동입구교차로,강일동,강동구,15,186,0
1080,엘웨딩,성내2동,강동구,10,290,0
1081,트레빌빌딩,천호3동,강동구,20,251,0
1082,중앙보훈병원역3번출구,둔촌2동,강동구,13,0,0
1083,광문고교사거리(아이파크),고덕2동,강동구,15,219,0
1084,윤선생빌딩(JYP사옥),양재1동,강동구,15,661,0
1085,래미안 솔베뉴(고덕로),명일1동,강동구,20,141,0
1086,래미안 솔베뉴(구천면로),명일1동,강동구,10,170,0
1088,풍납사거리(강동),성내1동,강동구,12,416,0
1089,고덕 래미안힐스테이트(201동),고덕1동,강동구,10,122,0
1090,상일동역 2번출구 앞,고덕2동,강동구,10,928,0
1501,"미아역 3번,4번 출구 사이",미아동,강북구,9,4241,10252
1503,이디야 커피 수유역점 앞,수유3동,강북구,12,9852,20944
1504,다이소 삼양시장점,미아동,강북구,10,1367,3754
1506,강북문화예술회관,인수동,강북구,20,3084,6715
1509,서울북부수도사업소,번2동,강북구,10,3182,5982
1510,번동주공5단지 관리사무소 앞,번2동,강북구,10,923,1774
1511,번동 금호어울림아파트102동앞,번2동,강북구,9,828,1793
1512,강북중학교 앞,수유3동,강북구,20,4901,7443
1513,강북구청 뒷편,수유3동,강북구,20,1282,2737
1514,강북구청 사거리 버스정류소 앞,번1동,강북구,10,6231,11152
1515,송천동 주민센터,송천동,강북구,10,2422,4146
1516,우이초등학교 후문 옆,인수동,강북구,10,1892,4054
1518,SK telecom(수유직영점) 앞,인수동,강북구,10,1842,3839
1519,세븐일레븐 수유장미원점 앞,수유2동,강북구,10,2335,4565
1520,성실교회,수유3동,강북구,10,2715,6587
1522,월드전기조명인테리어(우이동),쌍문1동,강북구,10,1442,2453
1525,미아동 복합청사,삼각산동,강북구,10,1422,2947
1526,수유동 채선당앞,수유3동,강북구,8,2031,4462
1527,미아역 1번 출구 뒤,미아동,강북구,10,2434,5508
1528,삼각산동 주민센터,미아동,강북구,10,1872,3814
1529,미아동 한국전력공사,미아동,강북구,15,4588,10230
1530,광산사거리,수유2동,강북구,10,4157,8626
1531,미아사거리 1번 출구,송중동,강북구,10,6832,14987
1532,번3동 주민센터 교차로,번3동,강북구,10,2835,4674
1533,"번동 주공3, 4단지 교차로",번2동,강북구,10,5452,8279
1534,북서울 꿈의 숲 동문,번3동,강북구,20,4016,4306
1535,효성인텔리안 앞,수유3동,강북구,10,7115,16519
1536,번동 두산위브 101동 옆,번1동,강북구,20,3629,7460
1537,북한산 우이역,우이동,강북구,10,1910,3522
1538,솔밭공원역,우이동,강북구,8,2027,3533
1539,4.19민주묘지역,우이동,강북구,9,4519,8661
1540,가오리역,수유2동,강북구,10,2696,5474
1541,삼양역,삼양동,강북구,10,902,2267
1542,삼양사거리역,삼양동,강북구,10,1391,2855
1543,수유1동 주민센터,수유1동,강북구,10,2042,4556
1545,솔샘역 2번 출구,미아동,강북구,10,937,2458
1546,송천동우체국,미아동,강북구,10,2192,4892
1547,꿈의숲 롯데캐슬,미아동,강북구,15,1370,2438
1548,북서울 꿈의숲 서문,번3동,강북구,15,2664,3715
1551,4.19탑 앞,우이동,강북구,8,116,0
1552,강북구청사거리(던킨도너츠 앞),번1동,강북구,8,262,0
1553,예수그리스도후기성도교회 앞,번2동,강북구,15,78,0
1554,번동사거리,번1동,강북구,10,139,0
1557,신창교,번2동,강북구,10,169,0
1558,강북문화정보도서관,번3동,강북구,15,116,0
1560,도봉세무서 앞,미아동,강북구,10,151,0
1564,4.19민주묘지역 1번출구,우이동,강북구,7,0,0
1565,대한병원앞,수유3동,강북구,15,154,0
1566,삼각산 아이언APT앞,삼각산동,강북구,15,37,0
1568,4.19민주묘지 입구사거리,수유2동,강북구,10,135,0
1569,수유역2번출구,미아동,강북구,10,95,0
1101,개화동상사마을종점 버스정류장,방화2동,강서구,10,717,1084
1102,방화사거리 마을버스 버스정류장,방화1동,강서구,10,4687,8067
1103,방화역 4번출구앞,방화3동,강서구,10,5127,8652
1105,방화근린공원,방화3동,강서구,10,1424,1686
1106,신방화사거리,방화1동,강서구,10,5689,10260
1108,공항시장역 2번출구 뒤,공항동,강서구,9,2787,5226
1109,공항시장역 4번출구,공항동,강서구,6,2058,3459
1110,공항중학교앞,공항동,강서구,10,2528,4644
1111,마곡엠밸리6_7단지 마곡중학교,가양1동,강서구,15,3625,7021
1112,마곡엠밸리4단지 정문,가양1동,강서구,15,12368,23630
1113,서남환경공원 버스정류장,가양1동,강서구,15,5433,8797
1114,서남물재생센터 버스정류장,가양1동,강서구,15,239,1501
1115,등촌역 1번출구옆,등촌1동,강서구,10,4041,7675
1117,스타벅스앞,등촌3동,강서구,10,7944,15560
1118,증미역 3번출구뒤(등촌두산위브센티움오피스텔),등촌1동,강서구,10,10020,19891
1119,염창동 한마음아파트앞(염창동 빛나는 음악학원앞),염창동,강서구,6,7080,12832
1120,대림경동아파트앞,가양2동,강서구,25,6682,10919
1121,가양레포츠센터앞,가양3동,강서구,15,5123,9644
1122,황금내근린공원,가양3동,강서구,10,8861,12703
1124,발산역 6번출구옆(다이소앞),우장산동,강서구,10,10735,18432
1125,명덕고교입구(영종빌딩),우장산동,강서구,10,7556,13126
1126,우장산역 1번출구옆(우장산아이파크105동앞),우장산동,강서구,7,4184,9858
1127,화곡역(에이스정형외과앞) 버스정류장,화곡3동,강서구,10,4565,9124
1128,화곡역 6번출구,화곡3동,강서구,10,3977,6055
1129,화곡역 1번 출구 앞,화곡3동,강서구,10,4945,9078
1130,화곡본동시장 버스정류장,화곡본동,강서구,7,2056,3526
1131,꿈돌이공원 앞,화곡본동,강서구,8,5908,12015
1132,등촌역 7번출구,등촌1동,강서구,10,4808,9947
1135,강서구의회,등촌2동,강서구,10,3784,9213
1136,등촌2파출소,등촌2동,강서구,10,2861,4111
1137,등촌2동주민센터,등촌2동,강서구,10,1635,2636
1139,용문사 버스정류장,등촌2동,강서구,8,3941,7180
1140,목동사거리 버스정류장,화곡4동,강서구,15,4612,8697
1141,곰달래 문화복지센터 1-1,화곡8동,강서구,10,4921,8655
1145,곰달래 문화복지센터 1-2,화곡8동,강서구,10,3121,5596
1146,곰달래사거리,화곡1동,강서구,10,3669,6626
1148,볏골공원,화곡본동,강서구,10,2810,4987
1149,신방화역환승주차장,가양1동,강서구,13,10827,20022
1150,송정역 1번출구,공항동,강서구,10,8171,15327
1151,마곡역1번출구,가양1동,강서구,25,4479,8886
1152,마곡역교차로,가양1동,강서구,10,7435,10853
1153,"발산역 1번, 9번 인근 대여소",등촌3동,강서구,10,15876,31279
1155,기쁜우리복지관,가양1동,강서구,10,6593,12053
1157,강서구청,화곡6동,강서구,8,6421,11199
1158,가양역 8번출구,가양2동,강서구,20,14594,30175
1159,서서울모터리움앞,가양1동,강서구,20,5703,9553
1160,양천향교역 7번출구앞,가양1동,강서구,20,16611,32708
1161,강서면허시험장앞,발산1동,강서구,10,1252,2400
1162,공항초등학교건너편,가양1동,강서구,10,4482,8256
1163,방화동강서기동대앞,방화1동,강서구,10,3530,6841
1165,마곡중학교 후문,가양1동,강서구,20,2709,4977
1166,강서구립등빛도서관,등촌3동,강서구,10,8237,18879
1167,마곡수명산파크3단지 교차로,우장산동,강서구,15,8327,17601
1168,마곡엠밸리10단지 앞,가양1동,강서구,10,4374,9163
1169,염창역 1번 출구,염창동,강서구,8,5706,10584
1170,강서구보건소 (삼성디지털 프라자),염창동,강서구,11,4034,6789
1171,염창동 새마을금고 건너편 (모닝글로리),염창동,강서구,8,5475,9898
1172,가양3동 주민센터,가양3동,강서구,8,4302,7848
1173,강서구청사거리(SH타워),등촌1동,강서구,15,9920,17991
1174,강서구청사거리(부민병원),등촌3동,강서구,9,3069,6274
1175,대한항공 인력개발센터,등촌1동,강서구,15,3786,5587
1177,수명중?고교,발산1동,강서구,10,4554,7770
1178,개화산역 2번 출구,방화2동,강서구,10,2573,5625
1180,마곡엠밸리 15단지(1502동) 건너편,가양1동,강서구,15,5224,7449
1181,농수산식품공사 (강서지사),발산1동,강서구,10,1065,2073
1182,KBS 스포츠월드,화곡6동,강서구,20,7228,13739
1183,KC 대학교,화곡6동,강서구,10,926,1687
1184,마곡13단지,공항동,강서구,15,5690,9649
1185,등촌9단지,등촌3동,강서구,10,4804,9055
1186,송정중학교,공항동,강서구,10,2541,4091
1187,강서수산물도매시장,발산1동,강서구,15,1706,2637
1188,롯데중앙연구소,가양1동,강서구,8,1759,3522
1190,마곡역 교차로(2번출구),가양1동,강서구,10,2438,4906
1191,마곡역 교차로(NH농협),가양1동,강서구,9,7690,13630
1192,마곡수명산파크 209동 건너편,발산1동,강서구,10,4367,8652
1193,마곡센트럴타워 1차,가양1동,강서구,15,7016,13205
1194,센서텍㈜,가양1동,강서구,10,3617,6453
1195,코오롱One&Only타워,가양1동,강서구,20,5984,12846
1196,서울식물원(문화센터) 건너편,가양1동,강서구,15,2996,5450
1197,엘펠리체 호텔 건너편,가양1동,강서구,20,9620,20474
1198,LG 사이언스파크,가양1동,강서구,20,3460,6750
1199,우장산역 3번출구,화곡3동,강서구,13,5253,6057
1200,개화광역환승센터,방화2동,강서구,10,766,1503
2701,마곡나루역 5번출구 뒤편,가양1동,강서구,15,21477,42757
2702,마곡 엠밸리2단지,가양1동,강서구,20,3420,5824
2703,서울도시가스 앞 ,염창동,강서구,20,165,0
2704,홈플러스(강서점),등촌1동,강서구,10,647,0
2706,강서공업고등학교 앞,방화3동,강서구,13,349,0
2707,한강아파트,가양1동,강서구,13,482,0
2708,강서한강자이타워 앞,가양1동,강서구,15,8,0
2709,강변아파트 310동 앞,가양2동,강서구,20,218,0
2710,라이품 공영주차장 앞,가양1동,강서구,30,535,0
2711,가로공원공영주차장 1번 출구,화곡1동,강서구,9,411,0
2712,화곡터널입구교차로,화곡1동,강서구,10,114,0
2713,우장초등학교 앞,화곡6동,강서구,13,27,0
2714,발산1동주민센터교차로,발산1동,강서구,10,463,0
2715,마곡나루역 2번 출구 ,가양1동,강서구,25,1124,0
2716,롯데 R&D 센터,가양1동,강서구,30,96,0
2717,LG유플러스 마곡사옥,가양1동,강서구,30,1033,0
2718,마곡수명산파크1단지,가양1동,강서구,15,411,0
2719,마곡문화공원,가양1동,강서구,20,0,0
2720,힐스테이트에코,가양1동,강서구,30,1208,0
2721,등촌1-10단지 교차로,가양1동,강서구,12,490,0
2722,마곡 문영비지윅스,가양1동,강서구,20,459,0
2723,마곡 필네이처,가양1동,강서구,13,204,0
2724,(재)FITI시험연구원,가양1동,강서구,25,271,0
2725,서울식물원 식물문화센터,가양1동,강서구,20,216,0
2727,서울식물원 잔디마당 앞,가양1동,강서구,20,19,0
2728,마곡나루역 3번 출구,가양1동,강서구,30,643,0
2729,넥센 유니버시티 앞,가양1동,강서구,30,273,0
2730,마곡메가박스 앞,가양1동,강서구,30,462,0
2731,명덕고교,가양1동,강서구,14,274,0
2732,마곡수명산 1-2단지 ,가양1동,강서구,15,615,0
2733,마곡13단지 정문 앞,가양1동,강서구,15,961,0
2735,마곡 공공청사,가양1동,강서구,30,303,0
2736,마곡엠벨리7단지 M타워,가양1동,강서구,30,21,0
2737,까치산역 3번 출구,화곡1동,강서구,10,533,0
2739,수명산파크1단지교차로,발산1동,강서구,10,50,0
2740,마곡레포츠센터,가양1동,강서구,30,141,0
2741,마곡수명산파크5-6단지,발산1동,강서구,8,447,0
2742,강서구민올림픽체육센터,등촌3동,강서구,10,174,0
2102,봉림교 교통섬,신림동,관악구,20,23616,48721
2103,신림동 우방아파트,신사동,관악구,10,4513,10079
2104,사당역 5번출구,미성동,관악구,13,4327,8333
2105,미성동 신림체육센터,미성동,관악구,12,3559,6090
2106,난곡 새마을금고,난곡동,관악구,12,5817,11254
2107,도림천 신화교,서림동,관악구,25,8008,17298
2108,은천치안센터,은천동,관악구,20,3627,8367
2109,은천로입구 가로공원,신월5동,관악구,15,6124,13280
2110,조원동 미성아파트,조원동,관악구,9,2397,5900
2111,서울대입구역 1번출구,낙성대동,관악구,10,2975,7082
2112,서울대입구역 마에스트로,중앙동,관악구,15,2774,6690
2113,관악동작견인차량보관소,조원동,관악구,10,5978,9650
2115,관악농협농산물백화점,조원동,관악구,15,2947,6786
2116,에이스에이존빌딩,중앙동,관악구,9,2393,3797
2119,중앙동 동진빌딩,중앙동,관악구,10,3212,6804
2122,낙성대로 입구,행운동,관악구,20,3233,6768
2127,보성운수차고지 맞은편,난향동,관악구,10,1192,3259
2128,관악구청교차로,청룡동,관악구,12,1351,2962
2129,낙성대 과학전시관,낙성대동,관악구,10,1577,2993
2130,영어마을 관악캠프,낙성대동,관악구,15,1162,1633
2135,신림역 5번출구,신림동,관악구,9,4637,10905
2136,신림역 8번출구,신림동,관악구,8,6376,14144
2137,KT&G 관악지점,은천동,관악구,10,1865,4720
2139,서울신성초등학교,서림동,관악구,10,3641,13268
2140,신림1교 교차로,서원동,관악구,12,6344,12908
2141,미림여고입구 교차로,대학동,관악구,12,621,1491
2143,서울산업정보학교,대학동,관악구,10,1063,3457
2144,난우길입구,미성동,관악구,15,1742,4457
2145,은천초등학교 육교,은천동,관악구,12,2232,4959
2148,낙성대역 3번출구 뒤,행운동,관악구,10,1980,5150
2156,농협 관악문성지점,독산3동,관악구,12,2594,6146
2159,인헌초교,낙성대동,관악구,10,1317,3257
2160,관악구 보건소,청룡동,관악구,15,1294,3765
2164,관악우체국,신림동,관악구,8,3503,5878
2165,JK장평타워,행운동,관악구,10,1020,2502
2167,낙성대역 1번출구,인헌동,관악구,12,1653,3895
2169,봉천역 2번출구,청룡동,관악구,7,3805,9143
2170,조원동서울본병원,조원동,관악구,10,2925,5122
2171,서울대입구역 5번출구,중앙동,관악구,17,4005,9091
2172,나들목공원,대학동,관악구,20,1685,3907
2173,당곡사거리,보라매동,관악구,10,11723,24563
2174,삼성디지털프라자관악점,신림동,관악구,10,2383,5361
2175,신림동걷고싶은문화의거리입구,신림동,관악구,10,2741,2738
2176,보라매공원 보도육교,신사동,관악구,15,5712,11503
2177,신대방역 2번 출구,신사동,관악구,19,16601,31112
2178,서울대학교 정문,대학동,관악구,15,1984,4428
2179,양녕로 입구,은천동,관악구,7,3353,7132
2183,동방1교,대학동,관악구,20,16120,32706
2184,구암초등학교 버스정류장,은천동,관악구,10,935,2065
2185,대학동 고시촌,대학동,관악구,10,3797,2455
2186,우리은행 낙성대역지점,행운동,관악구,15,94,0
2187,현대시장사거리(신한은행),중앙동,관악구,15,194,0
2189,삼성서비스센터(관악점) ,은천동,관악구,15,126,0
2190,도원맨션,은천동,관악구,12,56,0
2191,대학동주민센터 ,대학동,관악구,10,114,0
2195,은천교회,서원동,관악구,15,141,0
2196,삼화페인트 봉천점,청룡동,관악구,10,88,0
2198,사랑의병원,낙성대동,관악구,10,94,0
2199,신봉천주유소,낙성대동,관악구,8,54,0
2200,관악문화원 건너편,서림동,관악구,20,9,0
3304,낙성대역 5번 출구,행운동,관악구,15,0,0
3305,낙성대역 8번 출구,행운동,관악구,10,0,0
3306,서울신우초등학교,삼성동,관악구,10,0,0
3307,봉천고개 육교,청림동,관악구,15,0,0
3310,영락고등학교,청룡동,관악구,15,0,0
3311,서울대입구역 4번 출구,청룡동,관악구,12,0,0
3500,군자역2번출구,중곡1동,광진구,10,6151,12725
3501,광진구청 앞,자양1동,광진구,10,7758,16313
3502,중곡역 1번출구,중곡3동,광진구,15,2725,6233
3503,광진유진스웰,광장동,광진구,20,735,1788
3504,원일교회,자양3동,광진구,8,6102,13050
3505,신양초교앞 교차로,자양3동,광진구,12,3927,8749
3506,영동대교 북단,자양4동,광진구,10,3880,9642
3507,어린이회관,능동,광진구,39,3168,6363
3508,화양사거리,화양동,광진구,10,7696,17813
3509,세종사이버대학교,군자동,광진구,20,8521,21648
3510,중곡SK아파트앞,중곡4동,광진구,10,1883,4008
3516,구의아리수정수센터앞,구의2동,광진구,10,2954,6159
3517,용마사거리,중곡1동,광진구,10,5551,10803
3518,군자역 7번출구뒤,능동,광진구,8,10931,23537
3520,광진경찰서,구의1동,광진구,10,5942,14985
3521,현대홈타운 뒷길,광장동,광진구,10,1082,2223
3523,건국대학교 과학관(이과대) 앞,화양동,광진구,10,1837,9123
3524,세종대학교,군자동,광진구,15,508,3781
3528,광진정보도서관,광장동,광진구,8,2952,8333
3529,어린이대공원정문,군자동,광진구,15,3640,7664
3533,건대입구역 사거리(롯데백화점),자양3동,광진구,10,19459,43513
3534,건대입구역 5번출구 뒤,자양4동,광진구,12,9344,22691
3535,중곡사거리(국민은행),중곡4동,광진구,10,6131,12294
3536,중앙농협(자양동),자양1동,광진구,10,6364,13649
3537,아차산 휴먼시아 아파트 옆,구의2동,광진구,15,2065,4762
3541,커먼그라운드,자양4동,광진구,20,10405,25356
3542,래미안 구의파크 스위트,구의2동,광진구,17,4377,12217
500,어린이대공원역 3번출구 앞,화양동,광진구,10,8027,20976
501,광진구의회 앞,자양3동,광진구,30,5391,10359
502,뚝섬유원지역 1번출구 앞,자양3동,광진구,27,43880,70840
504,신자초교입구교차로,자양2동,광진구,9,7626,20053
505,자양사거리 광진아크로텔 앞,자양1동,광진구,10,12269,28714
515,광양중학교 앞,자양2동,광진구,10,3361,7317
516,광진메디칼 앞,군자동,광진구,10,3774,9194
539,군자교교차로,중곡1동,광진구,10,6086,10961
540,군자역 7번출구 베스트샵 앞,군자동,광진구,8,5532,14125
542,강변역 4번출구 뒤,구의3동,광진구,19,7015,13946
543,구의공원(테크노마트 앞),구의3동,광진구,20,4489,11330
544,광남중학교,광장동,광진구,20,4400,6403
546,잠실대교북단 교차로,자양1동,광진구,8,4813,11141
548,자양나들목,자양3동,광진구,20,7250,14885
549,아차산역 3번출구,구의2동,광진구,10,6947,13664
551,구의삼성쉐르빌 앞,구의3동,광진구,10,8121,17495
552,대림아크로리버 앞,구의3동,광진구,10,2373,5759
553,중곡 성원APT 앞,중곡3동,광진구,19,4391,6818
555,구의3동주민센터,구의3동,광진구,9,2700,6739
571,어린이대공원역6번출구,군자동,광진구,20,3803,10569
572,국립정신 건강센터 앞,중곡3동,광진구,20,1987,4022
573,구의문주차장 앞,능동,광진구,10,5177,11909
574,아차산역4번출구,능동,광진구,40,6990,14819
575,중앙농협 중곡지점,중곡4동,광진구,10,1164,2417
576,광나루역 3번 출구,광장동,광진구,10,5373,9904
577,광진청소년수련관,광장동,광진구,10,5330,12522
584,광진광장 교통섬,군자동,광진구,20,7358,17418
588,뚝섬 유원지역,자양3동,광진구,20,7525,12641
590,건국대학교 (입학정보관),화양동,광진구,20,7020,26120
591,건국대학교 (행정관),화양동,광진구,5,1044,6382
592,건국대학교 학생회관,화양동,광진구,30,3902,19112
593,자양중앙나들목,자양2동,광진구,5,6727,13393
3543,세종대학교(학술정보원),군자동,광진구,15,1409,6
3563,구의7단지현대아파트,구의3동,광진구,5,3,0
3564,나루마당,구의2동,광진구,20,12,0
3566,우성4차아파트,자양3동,광진구,10,116,0
3569,건대병원후문,화양동,광진구,10,282,0
3570,구의역 리버비스타 오피스텔,구의1동,광진구,10,218,0
3571,화양 APT(횡단보도 옆),화양동,광진구,15,190,0
3573,광나루안전체험관,능동,광진구,15,0,0
3575,자양사거리 (LG 유플러스),자양1동,광진구,6,228,0
3577,신자초교 입구 교차로(SC제일은행),자양3동,광진구,10,337,0
3578,중곡동 파크웨이빌딩,중곡2동,광진구,9,94,0
3579,광진 캠퍼스시티,화양동,광진구,20,213,0
3581,광진광장,군자동,광진구,15,88,0
3582,화양동 우체국,화양동,광진구,14,97,0
3586,군자역 비채온 오피스텔,군자동,광진구,8,118,0
1901,신도림동주민센터 앞,신도림동,구로구,10,3910,7912
1904,도림천역 1번 출구 앞,신도림동,구로구,10,5436,12039
1906,신도림역 1번 출구 앞,신도림동,구로구,20,17604,34714
1907,구일우성(아) 육교 밑,구로1동,구로구,12,2522,5032
1908,해원리바파크 육교 밑,구로1동,구로구,10,3852,8929
1910,낙원교회 맞은편,구로2동,구로구,5,421,2338
1911,구로디지털단지역 앞,구로3동,구로구,10,14526,29930
1912,한신휴아파트 앞,구로3동,구로구,10,4082,9598
1913,구로리공원,구로4동,구로구,10,2312,5066
1914,대림역4번출구,구로4동,구로구,10,4785,10852
1916,구로중학교앞,구로4동,구로구,10,1072,2987
1920,서울미래초등학교 사거리,구로5동,구로구,10,3818,9254
1924,삼부르네상스파크빌,가리봉동,구로구,10,1799,3822
1925,동양미래대학교 정문 옆,고척1동,구로구,20,10271,20321
1928,고척스카이돔구장 광장,고척1동,구로구,10,3171,7319
1929,고척근린공원 고척도서관 앞,고척2동,구로구,10,2149,5898
1930,개봉지구대 개봉치안센터,개봉1동,구로구,7,1628,2974
1931,개봉역(북측광장),개봉1동,구로구,10,4018,7813
1933,개봉푸르지오아파트 상가,개봉1동,구로구,10,3511,6314
1936,개봉역 1번 출구 자전거보관서쪽,개봉1동,구로구,10,2234,3043
1937,한진아파트 입구,개봉3동,구로구,15,2550,3929
1941,오류동역 2번출구,오류2동,구로구,10,3233,4979
1943,온수역 북측,수궁동,구로구,10,1319,2313
1946,구로역 광장,구로5동,구로구,10,4992,10317
1951,천왕이펜하우스 4단지 상가 앞,오류2동,구로구,20,1226,2673
1952,천왕연지타운2단지 앞,오류2동,구로구,15,4058,5723
1953,천왕역 4번출구 뒤,오류2동,구로구,20,2150,3649
1955,디지털입구 교차로,구로3동,구로구,10,6387,14857
1956,도야미리숯불갈비 앞,신도림동,구로구,10,2976,6322
1957,구일고등학교 정문,구로1동,구로구,15,3434,6975
1958,강서수도사업소민원센터,구로4동,구로구,10,3399,7071
1959,구로구의회 앞,구로5동,구로구,10,2467,6638
1960,화광신문사 앞,구로5동,구로구,10,5852,12460
1961,신도림테크노근린공원,구로5동,구로구,15,10767,23942
1962,가리봉동주민센터,구로3동,구로구,15,2853,6575
1964,원메디타운 앞,고척1동,구로구,10,2944,4890
1965,삼환로즈빌아파트 105동 옆,고척1동,구로구,15,2181,4523
1966,한마을아파트 정문상가,개봉1동,구로구,10,3388,6621
1967,참새공원(백곡경노당),개봉1동,구로구,10,805,1508
1968,동인오피스텔 건너편 소공원,개봉1동,구로구,12,1059,2181
1969,궁동생태공원,수궁동,구로구,10,584,932
1971,오정초교 앞 보도육교,오류2동,구로구,10,1087,1820
1973,오리로와 서해안도로 교차로 앞,오류2동,구로구,10,1182,1772
1974,신도림2차e편한세상아파트 203동 앞,신도림동,구로구,10,3010,5927
1975,대림역 1번 출입구 밑,구로4동,구로구,10,2953,7286
1976,남구로역 5번 출입구 앞,구로3동,구로구,10,1018,2998
1977,천왕역 1번 출입구 앞,오류2동,구로구,15,2477,5047
1979,구로1동우체국 앞,구로1동,구로구,10,612,1468
1981,천왕이펜하우스5단지 앞,오류2동,구로구,10,2033,3645
1983,구로동롯데아파트,구로5동,구로구,10,3422,7916
1984,구로구청,구로2동,구로구,10,3907,7043
1985,구로도서관,구로5동,구로구,20,7491,21498
1986,태평양물산빌딩,구로3동,구로구,15,5994,15599
1987,개봉아이파크아파트 앞,개봉2동,구로구,15,4385,6671
1988,고척LIGA아파트 앞,고척2동,구로구,20,5453,11032
1991,오류동역 맞은편,오류1동,구로구,10,3749,6602
1992,구로구배드민턴실내체육관 앞,오류2동,구로구,19,710,1106
1993,금강수목원아파트 앞,오류2동,구로구,10,1559,2058
1994,삼성전자 물류센터 앞,구로1동,구로구,10,2681,4775
1996,구일역 1번 출입구 앞,구로1동,구로구,20,6157,8782
1998,고척교 교차로,구로1동,구로구,8,4359,5845
1999,수궁동 성당 주변,수궁동,구로구,15,1108,1977
2000,신도림4차 e편한세상 아파트 1109동 앞,신도림동,구로구,15,4535,8875
2801,대륭포스트타워1차,구로3동,구로구,30,3925,5526
2804,항동지구 6단지 602동 앞,오류2동,구로구,20,33,0
2805,구로자원순환센터 ,오류2동,구로구,20,29,0
2806,항동지구 4단지 입구,오류2동,구로구,20,125,0
2807,항동지구 1단지 105동 앞,오류2동,구로구,20,147,0
2808,항동지구 2단지 202동 앞,오류2동,구로구,20,115,0
2809,항동지구 11단지 1103동 앞,오류2동,구로구,20,17,0
2810,항동지구 3단지 311동 앞,오류2동,구로구,20,22,0
2812,항동프라자,오류2동,구로구,18,139,0
2813,항동지구 3단지 302동 앞,오류2동,구로구,10,12,0
2814,항동지구 10단지 1001동 앞,오류2동,구로구,10,30,0
2815,항동지구 7단지 정문,오류2동,구로구,20,70,0
2816,항동지구 8단지 803동옆(주차장입구),오류2동,구로구,20,65,0
2817,천왕이펜하우5단지 앞,오류2동,구로구,15,89,0
2818,천왕이펜하우스3단지 앞,오류2동,구로구,20,61,0
2819,하늘숲초등학교 앞,오류2동,구로구,15,120,0
2820,신세기아파트 앞,개봉2동,구로구,20,91,0
2821,청구아파트 앞,고척1동,구로구,10,73,0
2822,제니스스포츠 앞,고척1동,구로구,20,13,0
2823,중앙유통단지 앞,구로1동,구로구,10,28,0
2824,미래사랑어린이공원 앞,신도림동,구로구,10,291,0
2825,초롱타운 앞,구로2동,구로구,10,104,0
2826,가마산지하보도 옆,구로2동,구로구,10,90,0
1804,독산역 2번출구 자전거주차장,가산동,금천구,10,4142,7227
1805,서울디지털운동장 앞,가산동,금천구,10,2586,4573
1806,에이스하이엔드타워9차 앞,가산동,금천구,10,2274,4246
1808,에이스하이엔드타워8차 앞,가산동,금천구,20,2455,4933
1809,LG전자 별관동(호서대 벤처타워 맞은편),가산동,금천구,10,1411,2753
1812,갑을그레이트밸리 앞,가산동,금천구,10,2066,3458
1814,두산위브아파트 옆 상가건물 앞,가산동,금천구,8,1878,5048
1816,금천폭포공원 앞,시흥3동,금천구,20,849,1682
1819,금천구청 앞 자전거거치대,시흥1동,금천구,10,2063,4294
1820,신한은행 시흥대로금융센터지점,독산3동,금천구,10,902,1509
1821,홈플러스 시흥점 맞은편 다비치안경 앞,시흥1동,금천구,10,2251,3712
1822,서울 시흥동우체국 앞,시흥1동,금천구,10,2669,4560
1823,상신정비공업 앞,시흥1동,금천구,20,1480,3490
1824,독산근린공원 입구,가산동,금천구,15,5953,8445
1825,한신아파트 앞 육교 아래,독산1동,금천구,10,1696,2640
1826,한신코아 앞,독산1동,금천구,20,2107,3846
1827,독산보도육교 앞 자전거 보관소,독산1동,금천구,20,10307,13273
1828,한양수자인아파트 앞,독산3동,금천구,10,1779,3664
1829,홈플러스 금천점 앞,독산1동,금천구,10,3202,6687
1830,빅마켓 금천점 앞,독산1동,금천구,15,2948,6897
1831,메이퀸웨딩컨벤션 앞,독산1동,금천구,10,1260,3182
1833,독산역 1번출구 앞 자전거보관소,가산동,금천구,10,3503,7652
1834,월드메르디앙 벤처센터 2차,가산동,금천구,15,5713,10345
1835,STX V타워,가산동,금천구,10,2362,4176
1836,금천구립 독산도서관,독산4동,금천구,7,48,1118
1839,수출의 다리 아래,가산동,금천구,20,3074,7006
1840,솔브레인이엔지 뒤편,가산동,금천구,20,1454,3599
1841,가산동 주민센터,가산동,금천구,10,2653,6644
1842,한울중학교,시흥4동,금천구,15,835,2693
1843,독산고등학교,독산3동,금천구,10,1399,3525
1845,롯데캐슬골드파크1차 서문,독산1동,금천구,15,1647,3604
1846,롯데캐슬골드파크1차 동문,독산1동,금천구,15,2795,7608
1847,독산주공 14단지 버스정류소,독산1동,금천구,10,940,1593
1848,벽산 디지털밸리 5차,가산동,금천구,10,2170,5280
1849,대륭포스트타워5차,가산동,금천구,10,1218,2433
1850,코오롱테크노밸리,가산동,금천구,10,1620,3676
1851,가산디지털단지 7번출구,가산동,금천구,10,5263,11262
1852,혜명양로원 담장 옆,시흥2동,금천구,10,1121,2178
1853,서울디자인직업전문학교 앞,독산1동,금천구,10,832,1869
1854,가산아네스트 오피스텔 앞,독산3동,금천구,10,1621,3544
1855,성지아파트 옆 도로변,시흥1동,금천구,10,400,667
1856,모두의학교,독산3동,금천구,10,1974,4430
1857,주공14단지,독산1동,금천구,15,980,1890
1858,석수역1번출구 앞 (SK주유소),시흥3동,금천구,10,1850,2057
1859,대륭테크노타운 18차,가산동,금천구,20,1642,3068
1861,IBK기업은행 석수역 지점 앞,시흥3동,금천구,10,106,0
1862,스타즈호텔독산 빌딩 앞,독산1동,금천구,30,351,0
1863,위너스 스포츠클럽 골프연습장옆,독산2동,금천구,14,138,0
1864,산호시티빌 옆,시흥1동,금천구,15,112,0
1865,금천구청앞(M빌딩),시흥3동,금천구,10,163,0
1866,서울안천초등학교 옆,독산1동,금천구,20,109,0
1867,대륭포스트타워6차 앞,가산동,금천구,20,772,0
1868,우리은행 시흥남자동화점 앞,시흥1동,금천구,15,162,0
1869,롯데캐슬골드파크3차 301동 앞,독산1동,금천구,15,276,0
1870,독산3동주민센터 앞,독산3동,금천구,8,239,0
1601,석계역 문화광장 내 자전거 보관소,월계1동,노원구,20,11218,19908
1602,광운대역 앞,월계1동,노원구,15,4211,8662
1603,롯데캐슬 102동 코너(월계주유소건너),월계1동,노원구,10,6288,8314
1605,헬스케어,월계3동,노원구,10,5535,9031
1606,태릉입구역 3번출구,공릉1동,노원구,10,3742,7554
1608,공릉역 1번 출구 앞,공릉1동,노원구,10,11833,24946
1610,화랑대역 2번출구 앞,공릉2동,노원구,20,7488,16233
1611,과기대 입구(우),공릉2동,노원구,20,8116,19504
1616,하계2동 공항버스정류장 옆,하계1동,노원구,10,9530,19171
1617,하계동 중평어린이공원 앞,하계2동,노원구,20,6576,10675
1619,중계동 하나프라자빌딩 앞(중1-1),중계1동,노원구,10,6707,9186
1620,중계동 노원구민체육센터 옆(중1-2),중계1동,노원구,10,4304,9706
1623,노원 구민회관,중계2·3동,노원구,20,8,15654
1625,상계역(4번출구),상계5동,노원구,20,12476,23762
1627,수락산역 4번출구,상계1동,노원구,13,0,708
1628,노일초등학교 앞,상계1동,노원구,10,3175,4969
1630,수연빌딩 앞,상계1동,노원구,10,3717,7557
1634,당고개공원 대여소,상계3·4동,노원구,15,4077,8068
1635,상계3.4동 주민센터 대여소,상계3·4동,노원구,11,1123,1929
1636,백병원 사거리 농협은행 앞,상계6·7동,노원구,10,8244,18809
1637,KT 노원점 건물 앞,상계2동,노원구,15,9213,19076
1639,희성오피앙,상계1동,노원구,10,3645,5413
1640,한내근린공원 북측,공릉1동,노원구,10,4847,7213
1641,한내근린공원 남측,공릉1동,노원구,15,2146,4008
1642,서울여대 남문,공릉2동,노원구,7,1855,5132
1643,태릉입구역 8번출구,공릉1동,노원구,10,6812,9533
1646,삼육대 입구,공릉2동,노원구,20,1919,2577
1650,중계근린공원내,중계2·3동,노원구,20,11391,15278
1651,맥도날드 상계점 앞,상계1동,노원구,20,3428,6215
1652,파르코 앞,상계1동,노원구,10,1755,2256
1653,노원역1번출구,상계2동,노원구,10,10553,22099
1654,당고개입구 오거리,상계3·4동,노원구,15,1087,3805
1655,공릉1단지아파트,공릉1동,노원구,15,8075,13884
1656,중앙하이츠 아파트 입구,상계2동,노원구,10,5538,13948
1657,노원구청,상계6·7동,노원구,20,3559,5819
1659,중계동 을지중학교,중계4동,노원구,10,3257,6311
1660,서울시립과학관,하계1동,노원구,8,1742,4074
1661,당현천근린공원,상계6·7동,노원구,10,3489,7326
1662,노원역7번출구,상계6·7동,노원구,15,4689,8875
1663,동해문화예술관앞,공릉1동,노원구,20,7872,19631
1664,노해근린공원내,중계1동,노원구,10,1562,2392
1665,양지근린공원앞,중계1동,노원구,10,2856,7097
1666,노원소방서인근,상계2동,노원구,10,4662,9258
1667,중계중학교,중계4동,노원구,10,4399,8384
1668,중계역 6번출구,중계2·3동,노원구,10,7498,15910
1669,중계역 3번출구,중계2·3동,노원구,9,5532,12246
1670,노원경찰서교차로,하계1동,노원구,15,4673,9183
1671,인덕대학교,월계2동,노원구,15,3564,8140
1672,상계동수락리버시티,상계1동,노원구,15,3053,5325
1673,노원역 5번출구,상계6·7동,노원구,16,9880,19689
1674,서울북부고용센터앞,상계6·7동,노원구,15,6250,11300
1675,월계문화체육센터,월계1동,노원구,14,325,1798
1677,육군사관학교 앞,공릉2동,노원구,10,3200,4822
1678,성서대학교 밀알관,상계6·7동,노원구,15,847,3777
1679,삼육대 도서관,공릉2동,노원구,15,800,2408
1680,삼육대 제3과학관,공릉2동,노원구,10,167,722
1681,현대6차 아파트,중계본동,노원구,12,2898,6795
1682,중계종합사회복지관 교차로,중계4동,노원구,13,2809,6212
1683,노원문화예술회관,중계본동,노원구,10,4315,8687
1684,태릉입구역 5번출구,공릉1동,노원구,20,7578,16026
1685,불암고등학교 앞 횡단보도,중계본동,노원구,8,2380,5484
1686,온수골사거리(스타벅스앞),상계10동,노원구,10,7146,12712
1688,마들역 7번출구,상계9동,노원구,9,5385,10758
1689,마들역 3번출구,상계9동,노원구,10,3761,7644
1690,도봉운전면허시험장,상계10동,노원구,10,3492,6324
1691,노원정보도서관,상계2동,노원구,10,2541,8828
1692,온곡초교 교차로,상계5동,노원구,10,4338,8789
1693,원자력 병원,공릉2동,노원구,15,1363,2509
1696,수락리버시티4단지,상계1동,노원구,10,279,0
1697,상계주공2단지 219동,상계6·7동,노원구,10,580,0
1700,상계보람아파트 202동 ,상계5동,노원구,15,398,0
2901,공릉동풍림아파트 101동,공릉1동,노원구,8,451,0
2902,공릉풍림아파트 108동,공릉1동,노원구,12,570,0
2903,월계초안아파트 1단지,월계2동,노원구,10,294,0
2904,중계3차청구아파트,중계1동,노원구,8,374,0
2905,중계주공6단지,중계본동,노원구,10,202,0
2907, 월계중학교,월계2동,노원구,25,223,0
2908, 광운대학교 중앙도서관,월계1동,노원구,20,377,0
2909, 석계역 3번 출구,창3동,노원구,10,274,0
2910,도깨비시장,공릉1동,노원구,10,829,0
2911,상계역중앙시장,상계5동,노원구,30,428,0
2912,대진고등학교,하계1동,노원구,20,785,0
2913,상계8동 주민센터,상계8동,노원구,15,862,0
2914,서울과학기술대학교(미래관),공릉2동,노원구,20,0,0
2915,서울과학기술대학교(어학교육원),공릉2동,노원구,20,445,0
2917,신창중학교 후문 맞은편 버스정류장,월계2동,노원구,10,411,0
2919,등나무 근린공원(시립북서울미술관 앞) ,중계2·3동,노원구,15,908,0
2920,상계중학교(당현2교사거리),상계2동,노원구,15,292,0
2921,중계역 2번출구,중계2·3동,노원구,10,489,0
1702,녹천역 1번출구 앞,창4동,도봉구,10,2395,5083
1703,도봉산광역환승센터앞,도봉1동,도봉구,15,2033,3114
1705,도봉구청 정문앞,방학1동,도봉구,8,4213,8423
1706,기업은행 앞,방학1동,도봉구,10,3762,7639
1707,도봉구민회관,창5동,도봉구,15,3639,8460
1708,보건소사거리(다비치안경창동점),창5동,도봉구,8,4922,9556
1709,쌍문역4번출구 주변,창1동,도봉구,15,5118,11028
1713,쌍문동 청소년 랜드,쌍문3동,도봉구,10,2850,5165
1714,도봉문화정보도서관 삼거리,창1동,도봉구,10,886,2176
1715,서울특별시교육청도봉도서관,쌍문1동,도봉구,20,3081,5891
1716,하나로마트 창동점,창4동,도봉구,10,6788,12041
1717,시립창동운동장 입구,창4동,도봉구,15,1184,2506
1719,신도봉사거리 버스정류장,도봉1동,도봉구,10,1806,3926
1720,도봉구청 옆(중랑천변),방학1동,도봉구,27,8484,10844
1721,창동역 2번출구,창5동,도봉구,12,8197,17743
1722,창동청소년수련관,창4동,도봉구,15,2891,6079
1723,방학동학마을도서관,방학3동,도봉구,10,3213,7047
1725,창1동주민센터,창5동,도봉구,10,1486,3164
1726,삼익세라믹아파트교차로,쌍문2동,도봉구,8,4339,8506
1727,서울도봉초등학교인근,도봉1동,도봉구,15,1181,2281
1728,서울북부지방법원,도봉2동,도봉구,15,1463,2470
1729,파리바게트앞,도봉2동,도봉구,10,3699,6636
1730,도봉산역 교차로 앞,도봉2동,도봉구,10,1068,1350
1731,도봉고등학교 맞은편,도봉1동,도봉구,15,985,1750
1732,우리은행 앞,방학1동,도봉구,10,2416,4000
1733,방학사거리 (봄마당 앞),방학1동,도봉구,12,4520,8596
1734,쌍문현대1차아파트 108동 앞,쌍문4동,도봉구,10,3602,7830
1735,"도봉역 1,2번 출구사이 건너편",도봉2동,도봉구,13,2259,4037
1736,버스정류장 앞,창5동,도봉구,12,1984,4872
1737,하나은행 (창동점),창3동,도봉구,8,5387,8437
1738,창동주공17단지 상가앞,창4동,도봉구,10,4728,9375
1741,제일강산수산입구,창2동,도봉구,15,7234,14112
1742,북한산 코오롱 하늘채,쌍문1동,도봉구,10,3008,7020
1743,창동19단지아파트 관리사무소앞,창4동,도봉구,10,182,0
1744,KT방학지사 앞,방학1동,도봉구,15,425,0
1746, 다이소방학점 앞,방학1동,도봉구,10,0,0
1748, 피자헛 앞(도봉병원 옆),방학1동,도봉구,7,98,0
1749, ESA아파트 상가 앞,방학1동,도봉구,10,254,0
1750, 창포원 남쪽 입구,도봉2동,도봉구,12,0,0
1751, 창원초등학교 교차로,창5동,도봉구,25,0,0
1752, 창동 주공 4단지 입구 옆,창5동,도봉구,10,167,0
1754, 창동시장입구 사거리,쌍문4동,도봉구,10,139,0
1756,서울북부광역등기국,창5동,도봉구,10,73,0
1757,솔밭공원역 1번출구 앞,쌍문1동,도봉구,10,109,0
1758,북서울교회 버스정류소 앞,쌍문1동,도봉구,10,143,0
1759,서울북부지방법원 앞,도봉2동,도봉구,10,100,0
1761,방학중학교 앞,방학2동,도봉구,10,140,0
1762,북한산 한신휴플러스APT앞,창5동,도봉구,30,1,0
1765,쌍문역 1번 출구(양산부인과 빌딩),창1동,도봉구,10,125,0
1767,태양중앙교회 앞,방학2동,도봉구,10,0,0
1768,신동아타워 버스정류소,방학3동,도봉구,8,180,0
1770,강북성복교회 주변,방학1동,도봉구,8,328,0
1771,성원APT버스정류소,쌍문4동,도봉구,15,225,0
1772,시립도봉노인복지관 버스정류소,쌍문2동,도봉구,10,130,0
1774,반석교회(쌍문동),쌍문2동,도봉구,8,46,0
1775,신원리베르텔 앞,창1동,도봉구,15,136,0
600,휘경2동 주민센터,휘경2동,동대문구,13,749,1161
601,용신동주민센터,용신동,동대문구,10,2434,5295
602,장안동 사거리,장안1동,동대문구,10,11230,22435
604,답십리초등학교 옆 공원,답십리1동,동대문구,15,2539,5317
605,신설동역8번출구,용신동,동대문구,8,3172,7712
606,휘경공고앞,휘경2동,동대문구,14,2973,4682
607,신이문역 2번출구,이문2동,동대문구,10,3399,5518
608,전농삼성아파트,전농2동,동대문구,10,794,2101
609,제기2교,제기동,동대문구,20,6236,12801
610,동대문중 교차로,답십리1동,동대문구,10,2399,4703
612,시립동부병원 앞 사거리,용신동,동대문구,20,5309,11269
613,신설동역 10번출구 앞,용신동,동대문구,10,5434,12939
614,용두동 사거리,용신동,동대문구,20,5496,13976
615,용두동 래미안허브리츠아파트 앞,용신동,동대문구,20,4019,7173
616,서울시립대 앞,전농2동,동대문구,20,928,2927
617,청솔우성아파트 앞,답십리2동,동대문구,20,3494,6799
621,동대문중학교 옆,장안2동,동대문구,13,1103,2747
622,전농사거리 교통섬,전농2동,동대문구,15,4346,8802
623,서울시립대 정문 앞,전농2동,동대문구,20,5017,17043
624,전농동 동아아파트 앞,전농1동,동대문구,10,4822,9809
625,답십리초등학교 앞(현대시장 옆),답십리2동,동대문구,14,5455,11104
626,군자교 서측 녹지대,장안1동,동대문구,10,4246,7195
627,장안동삼거리 교통섬,장안2동,동대문구,10,5650,9910
628,휘봉고등학교 앞,휘경2동,동대문구,15,1655,2996
630,동대문구 보건소,용신동,동대문구,15,5064,11701
631,답십리역 1번출구,답십리1동,동대문구,15,6936,15998
633,청량리 기업은행 앞,청량리동,동대문구,8,6016,12833
634,외국어대 정문 앞,이문1동,동대문구,20,8249,19271
635,시조사 앞 (청량고정문 옆),회기동,동대문구,12,5141,12309
636,세종대왕기념관 교차로,청량리동,동대문구,9,2278,5452
637,KAIST 경영대학 앞,청량리동,동대문구,10,3370,7941
638,서울시립대 정보기술관,전농2동,동대문구,20,1300,6196
639,서울시립대 후문,전농2동,동대문구,14,2525,10388
640,KEB하나은행 청량리역지점,청량리동,동대문구,6,2305,5137
641,용두역 4번출구,용신동,동대문구,10,6653,12763
643,동대문구민체육센터 (육교아래),장안1동,동대문구,10,5205,8009
646,장한평역 1번출구 (국민은행앞),장안1동,동대문구,10,9961,18667
647,신이문역 1번출구,이문2동,동대문구,10,2983,5401
648,장안동위더스빌옆,장안1동,동대문구,15,7203,14499
650,중랑교사거리,휘경1동,동대문구,20,9458,16798
652,답십리 래미안엘파인아파트 입구,전농2동,동대문구,20,1715,3072
654,전농동 텃골공원,전농1동,동대문구,10,1739,4278
656,영휘원 교차로,청량리동,동대문구,10,2651,4449
657,동대문롯데캐슬아파트 앞,전농1동,동대문구,13,3479,7419
658,촬영소 사거리,답십리2동,동대문구,10,3148,6401
659,제기역1번출구,용신동,동대문구,15,5350,10541
660,동의보감타워,용신동,동대문구,10,4161,10827
661,경희대학교 청운관,회기동,동대문구,10,3310,9137
663,외대앞역 4번출구,휘경1동,동대문구,10,5376,10121
664,서울시립대 대학본부,전농2동,동대문구,10,1033,377
665,이문동 쌍용아파트 정문,이문1동,동대문구,11,433,0
666,이문대성유니드아파트 앞,이문2동,동대문구,20,80,0
667,청량차도 육교 밑,청량리동,동대문구,7,139,0
668,서울축산농협(장안지점),장안1동,동대문구,10,996,0
669,청계신한신휴플러스앞 삼거리,답십리1동,동대문구,10,434,0
670,삼육서울병원 버스정류장,휘경2동,동대문구,9,1119,0
671,대광빌딩,용신동,동대문구,15,81,0
672,대광고등학교,용신동,동대문구,17,124,0
673,안암골벽산아파트(후문),제기동,동대문구,10,365,0
674,고대앞사거리 교통섬,제기동,동대문구,15,447,0
675,성복교회 앞 (장평교 아래),장안2동,동대문구,10,587,0
676,FITI시험연구원 앞,제기동,동대문구,9,203,0
677,청량리역 4번 5번출구 사이,전농1동,동대문구,20,451,0
678,장안힐스테이트(아) 앞,장안2동,동대문구,15,434,0
679,전농SK아파트 앞,전농2동,동대문구,10,152,0
680,꿈마루어린이도서관 앞,이문1동,동대문구,15,567,0
681,서울특별시 동부교육지원청(육교),전농2동,동대문구,15,52,0
2002,노들역 1번출구,노량진1동,동작구,20,15688,26496
2003,사육신공원앞,노량진1동,동작구,10,5764,10108
2007,유한양행앞,대방동,동작구,20,4626,9743
2008,노량진근린공원 대방공원,대방동,동작구,10,1338,3126
2009,보라매역 8번출구,대방동,동작구,10,2538,6674
2012,녹십초요양병원앞,신대방1동,동작구,10,1688,3995
2013,장승배기역 5번출구,상도2동,동작구,30,6160,14641
2015,신대방삼거리역 6번출구쪽,대방동,동작구,10,5973,13416
2016,신대방삼거리역 3번출구쪽,대방동,동작구,10,5012,10755
2020,장승배기역2번출구뒷편쪽,상도2동,동작구,10,2463,4836
2024,상도역 1번출구,상도1동,동작구,10,3692,8575
2025,흑석역 1번출구,흑석동,동작구,15,11884,19141
2026,흑석역 4번출구,흑석동,동작구,10,1765,3345
2027,중앙대학교 정문,흑석동,동작구,15,2424,5845
2032,이수역 11번출구쪽,사당2동,동작구,10,5390,9219
2033,사당동 아르테스 웨딩앞,사당1동,동작구,10,3241,7097
2034,사당역 7번출구쪽,사당1동,동작구,20,4009,8422
2036,정금마을 마을버스정류장,방배본동,동작구,20,2201,4818
2037,동작역 5번출구 동작주차공원,사당2동,동작구,20,3177,4910
2038,동작역 7번출구,사당2동,동작구,10,660,1375
2040,비계 버스정류소,흑석동,동작구,10,1052,1113
2041,사당중학교 버스정류소,사당3동,동작구,10,960,2125
2048,삼일초등학교 인근,사당3동,동작구,10,1816,4371
2050,노량진역 5번출구,노량진2동,동작구,10,8550,17580
2054,삼익아파트,노량진1동,동작구,10,3301,7998
2056,동작구민 체육센터,신대방2동,동작구,10,3498,9038
2057,상도 아이파크 아파트,상도2동,동작구,10,1501,3147
2058,노량진동 맥도널드앞,노량진1동,동작구,10,7105,13980
2059,보라매공원 정문,신대방2동,동작구,10,5094,9535
2060,남성역3번출구 뒤,사당3동,동작구,10,3854,7987
2061,한강 현대아파트 건너편,흑석동,동작구,10,594,989
2062,사당새마을금고,사당5동,동작구,10,1065,2249
2063,대방역 4번출구,신길7동,동작구,15,4918,10192
2064,흑석한강푸르지오 106동앞,흑석동,동작구,10,986,1378
2065,서울시여성가족재단,대방동,동작구,15,3022,6862
2066,양문교회 앞,신대방1동,동작구,10,4803,12864
2067,LG전자 베스트? 대리점 앞,신길6동,동작구,10,3042,8004
2068,총신대 앞(육교),사당1동,동작구,12,421,761
2069,숭실대 입구역3번 출구 앞,상도4동,동작구,7,2497,4942
2070,노량진역 2번 출구 앞,노량진1동,동작구,12,4928,11174
2071,대림아파트 후문 상가 옆,사당3동,동작구,10,686,2260
237,보라매 두산위브 건너편,신길6동,동작구,20,4168,10147
2073,동작상떼빌 103동 앞,신대방1동,동작구,20,1,0
2076,노들나루공원 입구,노량진1동,동작구,18,853,0
2077,노들역 3번출구,노량진1동,동작구,10,175,0
2078,흑석 아크로리버하임(103동),흑석동,동작구,20,0,0
2079,중앙대학교 정문,흑석동,동작구,25,0,0
2080,빕스 대방점 앞,대방동,동작구,15,122,0
2081,대방1차 e편한세상 앞,대방동,동작구,15,137,0
2082,7호선 이수역7번출구,사당1동,동작구,10,8,0
2083,흑석롯데캐슬에듀포레(107동),흑석동,동작구,15,4,0
2084,e편한세상 상도노빌리티 앞,상도2동,동작구,25,125,0
2085,강남중학교 앞,대방동,동작구,20,111,0
2086,삼일수영장 앞,사당3동,동작구,22,21,0
2088,상도중앙하이츠빌 입구,상도1동,동작구,10,78,0
2089,사당역10번출구(금강빌딩),사당1동,동작구,10,126,0
2090,기아자동차 사당점 앞,사당1동,동작구,15,98,0
2091,이수역9번출구(맥도날드),사당1동,동작구,15,96,0
2092,흑석한강푸르지오(110동),흑석동,동작구,15,44,0
2093,상도SH빌아파트 입구,상도1동,동작구,12,15,0
2094,숭실대학교(중문) ,상도1동,동작구,30,23,0
2095,경문고등학교 앞,사당2동,동작구,10,99,0
2096,서울특별시 동작관악교육지원청,상도2동,동작구,13,6,0
101,(구)합정동 주민센터,합정동,마포구,5,2359,5869
102,망원역 1번출구 앞,서교동,마포구,20,10304,23816
103,망원역 2번출구 앞,망원1동,마포구,14,7205,15770
104,합정역 1번출구 앞,서교동,마포구,13,6421,13970
105,합정역 5번출구 앞,합정동,마포구,5,3797,6829
106,합정역 7번출구 앞,합정동,마포구,10,14507,26389
107,신한은행 서교동금융센터점 앞,서교동,마포구,5,7957,18041
108,서교동 사거리,서교동,마포구,10,5473,12764
109,제일빌딩 앞,서강동,마포구,10,5163,13962
111,상수역 2번출구 앞,서강동,마포구,10,5931,11355
112,극동방송국 앞,서강동,마포구,10,4241,11022
113,홍대입구역 2번출구 앞,서교동,마포구,25,19363,48740
114,홍대입구역 8번출구 앞,서교동,마포구,15,9142,21347
118,광흥창역 2번출구 앞,서강동,마포구,10,4689,10506
119,서강나루 공원,신수동,마포구,10,5531,10386
120,신수동 사거리,신수동,마포구,5,1754,4575
121,마포소방서 앞,신수동,마포구,15,2925,6243
122,신성기사식당 앞,신수동,마포구,10,3547,7758
124,서강대 정문 건너편,신수동,마포구,20,4768,11821
125,서강대 남문 옆,신수동,마포구,15,2132,9953
126,서강대 후문 옆,대흥동,마포구,20,4850,15635
127,현대벤처빌 앞,대흥동,마포구,15,1388,3801
129,신촌역(2호선) 6번출구 옆,대흥동,마포구,15,3685,9716
130,신촌역(2호선) 7번출구 앞,대흥동,마포구,10,6244,13758
136,대흥동 주민센터,대흥동,마포구,7,985,2447
142,아현역 4번출구 앞,아현동,마포구,11,1884,4637
143,공덕역 2번출구,공덕동,마포구,9,3960,9686
144,공덕역 8번출구,공덕동,마포구,10,10855,20073
145,공덕역 5번출구,공덕동,마포구,9,3880,9098
146,마포역 2번출구 뒤,용강동,마포구,12,8736,17076
147,마포역 4번출구 뒤,용강동,마포구,7,7874,15526
148,용강동 주민센터 앞,용강동,마포구,11,6794,10839
150,서강대역 2번출구 앞,대흥동,마포구,15,5101,10949
151,망원1동주민센터,망원1동,마포구,10,7784,14759
152,마포구민체육센터 앞,망원2동,마포구,30,25281,38417
153,성산2교 사거리,성산1동,마포구,10,6367,11790
154,마포구청역,망원2동,마포구,13,8224,16733
155,가좌역1 번출구 뒤,성산2동,마포구,15,4768,9933
156,서울서부지방법원 앞,공덕동,마포구,10,2976,7039
157,애오개역 4번출구 앞,공덕동,마포구,12,4197,10276
181,망원초록길 입구,망원1동,마포구,15,2100,2518
182,망원2빗물펌프장 앞,망원1동,마포구,10,9253,15050
183,하늘채코오롱아파트 건너편,연남동,마포구,15,9559,22035
184,SK망원동주유소 건너편,망원2동,마포구,9,6311,13648
185,마포 신수공원 앞,신수동,마포구,15,4918,9675
186,월드컵공원,상암동,마포구,40,11778,13831
199,서울 월드컵 경기장,망원2동,마포구,30,3037,8061
400,상암한화오벨리스크 1차 앞,상암동,마포구,15,2985,7053
401,상암월드컵파크 10단지 앞,상암동,마포구,15,3041,5884
402,상암월드컵파크 9단지 앞,상암동,마포구,20,3261,6625
403,부엉이공원 앞,상암동,마포구,20,2349,6083
405,DMC빌 앞,상암동,마포구,8,2326,4962
406,상암월드컵파크 7단지 앞,상암동,마포구,15,2035,4691
407,마포구 육아종합지원센터,상암동,마포구,8,2906,6284
408,LG CNS앞,상암동,마포구,20,3269,7773
409,누리꿈스퀘어 옆,상암동,마포구,25,7675,17834
410,상암중학교 옆,상암동,마포구,10,1403,3235
411,DMC홍보관,상암동,마포구,9,4002,8158
412,DMC산학협력연구센터 앞,상암동,마포구,20,5392,12448
413,상암월드컵파크 3단지 후문,상암동,마포구,9,2227,5050
414,상암동주민센터 옆,상암동,마포구,8,4290,9324
415,DMC역 9번출구 앞,상암동,마포구,10,6828,18567
416,상암월드컵파크 1단지 교차로,상암동,마포구,12,2803,7361
417,DMC역 2번출구 옆,북가좌1동,마포구,20,6005,13004
418,월드컵경기장역 3번출구 옆,성산2동,마포구,10,9825,17999
419,홈플러스 앞,성산2동,마포구,21,8767,18905
420,서울시 공공자전거 상암센터,상암동,마포구,40,4846,8095
421,마포구청 앞,성산2동,마포구,8,9193,21401
422,문화비축기지,성산2동,마포구,13,819,4362
424,롯데하이마트 (상암월드컵점),상암동,마포구,15,1583,3182
425,DMC첨단산업센터,상암동,마포구,10,1626,3140
426,서울신용보증재단,아현동,마포구,10,4455,7381
427,성산시영아파트,성산2동,마포구,10,4186,6856
432,마포중앙도서관,성산1동,마포구,10,2109,5953
436,이대역 5번출구,대흥동,마포구,10,1299,3304
437,대흥역 1번출구,대흥동,마포구,12,3595,7600
438,성산2-1 공영주차장,성산2동,마포구,15,7090,13669
439,마포어린이공원,도화동,마포구,10,7249,11376
440,하늘공원 입구,상암동,마포구,15,3752,4285
487,신석초교앞 교차로 교통섬,용강동,마포구,26,306,0
488,푸르메병원,상암동,마포구,10,0,0
489,구룡근린공원,상암동,마포구,10,71,0
490,가온문화공원,상암동,마포구,10,502,0
491,월드컵파크 4단지,상암동,마포구,10,156,0
492,성산시영아파트 후문,성산2동,마포구,10,281,0
493,홍대입구역 6번출구,서교동,마포구,7,542,0
495,염리초등학교 앞,용강동,마포구,10,436,0
497,합정동주민센터 앞,합정동,마포구,20,744,0
498,연남동주민센터 앞,연남동,마포구,10,797,0
3002,벽산상암스마트큐브 ,성산2동,마포구,10,1132,0
3003,래미안공덕3차아파트,공덕동,마포구,5,38,0
3005,마포구청 청사내,성산2동,마포구,20,168,0
3006, 상암월드컵파크5단지(상암중학교),상암동,마포구,15,120,0
3007,MBC 앞,상암동,마포구,10,347,0
3008,DMC역7번출구,상암동,마포구,10,65,0
3009,서교동사거리,서교동,마포구,10,732,0
3010,홍대입구역 3번출구,서교동,마포구,15,922,0
3011,경의선(노고산동),서교동,마포구,10,355,0
110,사천교,연희동,서대문구,20,2892,7712
115,사루비아 빌딩 앞,신촌동,서대문구,15,4362,11421
116,일진아이윌아파트 옆,연희동,서대문구,5,5828,13105
117,홍은사거리,서강동,서대문구,25,11270,19086
123,문화촌 공원,홍제3동,서대문구,20,6989,12364
128,신촌역(2호선) 1번출구 옆,신촌동,서대문구,20,5947,15985
131,증산2교,북가좌2동,서대문구,23,8627,14224
133,해담는다리,북가좌2동,서대문구,15,7171,12974
134,연세로 명물길,신촌동,서대문구,8,3338,6911
135,명물길 원형무대 앞,신촌동,서대문구,10,2310,5834
137,NH농협 신촌지점 앞,신촌동,서대문구,10,1273,3982
138,신촌동 제1공영주차장 앞,북가좌2동,서대문구,10,2133,5040
139,연세대 정문 건너편,신촌동,서대문구,13,1590,4972
140,이화여대 후문,신촌동,서대문구,20,2150,6172
141,연대 대운동장 옆,신촌동,서대문구,20,2298,6583
158,독립문 어린이 공원,천연동,서대문구,15,2561,4809
159,이대역 4번 출구,신촌동,서대문구,7,1011,3739
160,북아현동 가구거리,북아현동,서대문구,20,2566,5768
161,무악재역1번 출구,홍제2동,서대문구,8,1580,2887
162,봉원고가차도 밑,신촌동,서대문구,15,2877,8721
163,명지전문대학교 정문 앞,홍은2동,서대문구,7,1334,3456
164,북가좌1동 주민센터,북가좌1동,서대문구,10,2140,4266
165,중앙근린공원,북가좌1동,서대문구,20,4950,9637
166,가재울 초등학교,연희동,서대문구,20,8611,13306
167,연가초등학교 옆,북가좌2동,서대문구,15,2153,4783
169,북가좌 삼거리,북가좌1동,서대문구,15,2193,4365
170,가재울 뉴타운 주유소 옆,남가좌2동,서대문구,10,4310,8192
171,임광빌딩 앞,충현동,서대문구,10,2268,4903
173,서대문역 8번출구 앞,충현동,서대문구,8,2171,5449
175,홍연2교옆,충현동,서대문구,20,8065,15744
176,명지대학교 도서관,남가좌2동,서대문구,10,6196,15387
177,북가좌 초등학교,북가좌1동,서대문구,8,2110,4587
178,증산3교 앞,북가좌1동,서대문구,10,3973,7088
179,가좌역 4번출구 앞,남가좌1동,서대문구,15,5353,10501
180,충정로역 7번출구 아래,충현동,서대문구,10,3144,6816
188,홍은동 정원여중 입구,홍은2동,서대문구,10,4658,7857
191,서우빌딩(바른학원),북가좌2동,서대문구,10,2799,5561
192,연서어린이공원,연희동,서대문구,10,2261,5287
194,증산교 앞,북가좌1동,서대문구,10,5875,11240
195,모래내고가차도,연희동,서대문구,10,2177,4584
196,연희교차로 인근,연희동,서대문구,10,1355,2953
198,충정2교,천연동,서대문구,15,2515,5837
3100,북성초교,북아현동,서대문구,8,983,2656
3101,서대문구청,연희동,서대문구,15,3948,7522
3102,연희삼거리,연희동,서대문구,10,3940,9039
3103,홍제삼거리 북측,홍제2동,서대문구,8,2720,4930
3104,e편한세상 신촌4단지 앞,북아현동,서대문구,13,2557,5387
3105,홍은센트레빌 아파트 앞,홍은1동,서대문구,12,1436,2892
3106,홍남교 두바퀴쉼터,연희동,서대문구,12,6937,11110
3107,연희초등학교 앞,연희동,서대문구,7,1662,3870
3109,북한산더샾 106동 앞,홍은1동,서대문구,15,37,0
3110,홍은 현대아이파크 아파트 202동 앞,홍은2동,서대문구,15,73,0
3111,무악재역 4번 출구,홍제2동,서대문구,10,31,0
3112,독립문역 5번 출구,천연동,서대문구,9,19,0
3113,독립문역사거리,천연동,서대문구,25,33,0
3114,충정로역 3번 출구,충현동,서대문구,12,68,0
3115,북아현 치안센터 인근,북아현동,서대문구,20,100,0
3116,신촌역 4번출구,신촌동,서대문구,10,111,0
3117,이화여대 인문관 인근,신촌동,서대문구,10,56,0
3119,연희 브라운스톤 아파트 앞,연희동,서대문구,10,205,0
3120,DMC엘가아파트 앞,남가좌1동,서대문구,12,162,0
3121,가좌삼거리,북가좌1동,서대문구,15,125,0
3122,북가좌삼거리2,북가좌1동,서대문구,30,94,0
3123,DMC파크뷰자이1단지 110동 앞,남가좌1동,서대문구,30,49,0
3124,DMC센트럴아이파크아파트,남가좌2동,서대문구,20,0,0
3125,연희파크푸르지오아파트 앞,연희동,서대문구,15,0,0
3126,남가좌동 제2공영주차장,남가좌1동,서대문구,10,57,0
3127,홍은2파출소 옆,홍은2동,서대문구,10,44,0
3128,동신병원 맞은편,홍은2동,서대문구,7,80,0
3129,DMC래미안e편한세상203동옆,북가좌1동,서대문구,20,107,0
3130,가재울사거리,남가좌1동,서대문구,20,0,0
3131,연가교 교차로,남가좌2동,서대문구,15,87,0
3132,홍제교,홍제3동,서대문구,20,37,0
3133,핀란드 타워앞,신촌동,서대문구,18,27,0
3134,SK리체블(상수도사업본부),충현동,서대문구,10,60,0
2201,본마을 정류소 앞,내곡동,서초구,20,746,1501
2202,청계산입구역 1번출구,내곡동,서초구,20,3648,10076
2203,청계산입구역 2번출구,내곡동,서초구,20,812,1697
2205,내곡3단지 어린이공원 앞,내곡동,서초구,15,1855,4126
2206,언남초등학교 앞,내곡동,서초구,20,3236,7216
2207,내곡파출소 뒤 정자,내곡동,서초구,9,381,1090
2210,반포1동 주민센터 앞,반포1동,서초구,15,1566,3338
2211,서초구립반포도서관 앞,반포1동,서초구,10,2512,6628
2212,서초현대4차아파트 201동 맞은편,서초4동,서초구,20,1365,3675
2213,고속터미널역 5번출구 앞,반포4동,서초구,20,4729,9807
2214,신반포역 2번출구 앞,반포2동,서초구,15,5390,10148
2215,반포종합운동장 입구,반포2동,서초구,10,2657,6219
2217,아크로리버뷰 부지 앞,잠원동,서초구,20,9775,16934
2219,"고속터미널역 8-1번, 8-2번 출구 사이",반포4동,서초구,20,23416,45704
2220,반포본동 주민센터 앞,반포본동,서초구,10,9891,16202
2221,하나은행 방배동지점 앞,방배1동,서초구,15,4074,8667
2222,사당역 12번출구 뒤,사당1동,서초구,10,6030,12811
2223,방배래미안 정문 앞,방배3동,서초구,20,1161,2699
2225,백석예술대학교 제3캠퍼스 앞,방배3동,서초구,15,528,1848
2226,신동아럭스빌아파트 앞,방배3동,서초구,15,573,1863
2227,방배열린문화센터 앞,방배4동,서초구,15,3201,7989
2228,뒷벌공원 옆,방배4동,서초구,20,5079,10343
2229,로고스교회 맞은 편,방배4동,서초구,10,1005,2836
2230,이수역 4번 출구,방배2동,서초구,20,5588,15441
2231,삼성타운(삼성생명) A동 맞은편,서초4동,서초구,15,5773,14229
2233,서초신동아1차아파트 옆,방배3동,서초구,20,2402,5704
2235,KT 서초지사 앞,반포2동,서초구,15,1740,4718
2237,서울남부터미널 대합실 입구,서초1동,서초구,20,2817,7214
2239,교대역 6번출구,서초4동,서초구,10,1606,5126
2241,양재전화국 사거리,도곡1동,서초구,11,1059,3282
2242,양재역 11번 출구 앞,서초2동,서초구,20,3545,7878
2243,서울가정법원,양재1동,서초구,15,2362,6490
2244,교육개발원입구 교차로,양재1동,서초구,20,4157,10898
2245,양재초등학교 맞은편,양재1동,서초구,20,1662,4910
2246,서울시 품질시험소 앞,양재1동,서초구,15,2140,4782
2247,섬들근린공원,양재1동,서초구,25,5052,10302
2248,서초리슈빌S 글로벌 앞,양재1동,서초구,10,1577,3846
2249,우솔초등학교 맞은편,양재1동,서초구,10,1079,2012
2250,서초유치원 맞은편,양재1동,서초구,10,2345,4231
2251,더케이호텔 입구(양재2),양재2동,서초구,10,3061,6211
2252,하이브랜드 앞,양재2동,서초구,25,4582,11575
2255,시민의숲역 1번출구 옆,양재2동,서초구,25,6246,16048
2256,양재동 꽃시장 입구,양재2동,서초구,10,2060,3493
2257,하나로클럽 양재점 맞은편,양재2동,서초구,10,783,1482
2258,구룡사 삼거리,개포4동,서초구,20,938,2534
2259,잠원역 3번-4번 출구사이,잠원동,서초구,15,3252,7227
2262,한신16차아파트 119동 앞,잠원동,서초구,20,12951,19755
2263,바우뫼문화복지회관,양재1동,서초구,20,2307,6308
2264,이수역 1번출구,방배4동,서초구,9,7340,14943
2265,이수고가차도 남단,방배본동,서초구,10,5617,6040
2266,서초역 3번출구,서초3동,서초구,15,2680,7307
2268,서초4동주민센터,서초4동,서초구,10,2311,5766
2269,주홍교 하부,잠원동,서초구,10,1072,2710
2270,서초포레스타 7단지,내곡동,서초구,10,1309,2411
2271,내방역 8번출구 앞,방배4동,서초구,8,2378,5763
2272,교대입구 교차로,서초3동,서초구,10,818,2674
2273,일동제약 사거리,양재1동,서초구,10,2608,5444
2274,양재시민의숲역 3번출구,양재2동,서초구,10,4534,11014
2275,염곡치안센터 건너편,내곡동,서초구,10,229,530
2276,영동1교 (양재천근린공원),양재1동,서초구,15,3120,6483
2277,길마중4교 하부,잠원동,서초구,10,3374,7182
2279,교대역 5번출구뒤,서초1동,서초구,10,3808,10388
2280,서울서초고용센터앞,서초3동,서초구,10,1696,5572
2281,연세사랑병원신관앞,방배3동,서초구,7,1165,2848
2282,방배래미안아트힐 101동앞,방배3동,서초구,15,748,2314
2283,그룹한빌딩옆,방배2동,서초구,10,713,2338
2284,CJ오쇼핑앞,방배2동,서초구,10,615,2077
2285,LH서초3단지 301동 맞은편,양재1동,서초구,15,2190,3854
2286,탑성마을입구,내곡동,서초구,10,233,583
2287,능안마을입구,내곡동,서초구,10,85,275
2288,안골마을입구,내곡동,서초구,10,156,373
2289,남태령역 2번출구,방배2동,서초구,10,456,1133
2290,서래마을파리15구공원앞,반포4동,서초구,10,3293,7221
2292,무지개아파트 앞,서초1동,서초구,15,1304,3581
2293,SPC 앞,양재1동,서초구,10,2138,5820
2294,두상빌딩 앞,양재2동,서초구,15,3825,7720
2297,남부터미널역 1번출구,서초1동,서초구,10,2185,4813
2298,래미안서초스위트앞,서초4동,서초구,12,1224,3161
2299,한전아트센터 앞,서초1동,서초구,12,2446,5926
2501,서초 포레스타5단지,내곡동,서초구,10,2414,5500
2502,서초역1번출구 앞,서초3동,서초구,9,1526,4196
2503,반포1동 서초빌딩 앞,반포1동,서초구,10,2712,6523
2504,신사역 4번출구 뒤,잠원동,서초구,10,2827,6002
2505,우성아파트사거리 (기업은행앞),서초2동,서초구,12,3754,8949
2506,LG유플러스 (방배사옥),방배3동,서초구,10,956,2840
2508,양재이스타빌 앞,양재1동,서초구,10,3229,7596
2509,KT반포지사,반포2동,서초구,16,1973,3137
2510,JW타워,서초1동,서초구,8,786,1684
2511,이수역 6번출구 앞,방배2동,서초구,10,3035,6181
2514,사평역 2번출구,반포1동,서초구,10,26,0
2515,서초초등학교 후문,서초4동,서초구,15,34,0
2516,본마을 노인복지센터 앞,내곡동,서초구,10,64,0
2517,서초3교(효령로69길 방면),서초1동,서초구,20,33,0
2518,서초3교(효령로70길 방면),서초1동,서초구,20,52,0
2519,서초2교(사임당로 방면),서초1동,서초구,15,10,0
2520,서초1교 (진흥아파트 방면),서초4동,서초구,20,46,0
2521,서초 크로바타워 앞,서초4동,서초구,13,36,0
2523,뉴코아 킴스클럽 앞,잠원동,서초구,10,222,0
2524,반포쇼핑타운 8동 앞,잠원동,서초구,10,0,0
2525,반포쇼핑타운 2동 앞,잠원동,서초구,15,4,0
2526,반포경남쇼핑 앞,잠원동,서초구,10,230,0
2527,반포중학교 앞(세화여고 맞은편),반포본동,서초구,10,86,0
2528,함지박 사거리,방배본동,서초구,10,106,0
2529,우리은행 방배동지점 앞,방배4동,서초구,12,192,0
2530,삼호3차아파트 앞,방배본동,서초구,15,221,0
2531,멤피스아파트 앞,방배본동,서초구,10,209,0
2532,국립국악원 앞,서초3동,서초구,10,22,0
2533,한가람미술관 앞,서초3동,서초구,10,41,0
2534,신흥교(애견훈련소),내곡동,서초구,10,17,0
2535,신반포역 3번출구 뒤,반포본동,서초구,15,59,0
2536,서초종합체육관 입구,양재2동,서초구,20,6,0
2537,양재역 8번출구 앞,양재1동,서초구,10,95,0
2538,사평리 공원,잠원동,서초구,10,210,0
2539,대한무역투자진흥공사 KOTRA 앞,내곡동,서초구,10,0,0
2540,반포천 앞,반포4동,서초구,10,102,0
2541,옛골 입구,내곡동,서초구,15,17,0
2542,신논현역2번출구(신논현타워 앞),반포1동,서초구,10,137,0
2545,국립중앙도서관(국제회의장옆),반포4동,서초구,18,7,0
3511,응봉역 1번출구,응봉동,성동구,10,13500,19363
3513,상왕십리역 1번출구,왕십리도선동,성동구,10,4089,11077
3514,왕십리교회옆,왕십리도선동,성동구,10,5624,13155
3515,서울숲 관리사무소,성수1가1동,성동구,20,12635,17663
3525,금호스포츠센터앞,금호4가동,성동구,15,4935,6337
3527,왕십리 자이아파트,왕십리2동,성동구,8,139,746
3530,왕십리자이아파트 후문(삼거리),왕십리2동,성동구,15,1079,2194
3531,논골사거리(금호도서관 입구),금호1가동,성동구,15,581,1027
3532,왕십리KCC스위첸아파트,왕십리2동,성동구,15,365,1448
3538,서울숲 IT캐슬,성수1가2동,성동구,14,2880,4303
506,금호 어울림 아파트 앞,송정동,성동구,7,1470,3123
507,성수아이에스비즈타워 앞,성수2가3동,성동구,7,4202,10242
508,성수아카데미타워 앞,성수2가3동,성동구,10,4367,8699
509,이마트 버스정류소 옆,성수2가1동,성동구,20,9446,20939
510,서울숲 남문 버스정류소 옆,성수1가1동,성동구,10,6054,8510
511,서울숲역 4번 출구 옆,성수1가1동,성동구,16,6442,15991
512,뚝섬역 1번 출구 옆,성수1가2동,성동구,15,10557,18947
513,뚝섬역 5번 출구 정류소 옆,성수1가2동,성동구,13,8579,17797
514,성수사거리 버스정류장 앞,왕십리도선동,성동구,7,6255,14054
518,청계천 박물관 앞,마장동,성동구,20,3207,6756
519,양지사거리,왕십리도선동,성동구,20,3002,6551
520,상왕십리역 4번 출구 앞,왕십리2동,성동구,10,2644,5534
521,왕십리역 11번 출구 앞,행당1동,성동구,14,5735,12684
522,금호역 1번출구 앞,금호2·3가동,성동구,9,1051,2228
523,옥수동성당 옆,옥수동,성동구,11,307,780
524,래미안금호하이리버 아파트 102동 옆,금호2·3가동,성동구,10,1426,2711
525,한양대병원사거리,행당1동,성동구,20,10611,20314
526,용답토속공원 앞,용답동,성동구,10,3766,8626
529,장한평역 8번 출구 앞,용답동,성동구,15,3901,9815
530,청계벽산아파트 앞,왕십리도선동,성동구,9,5508,9861
533,우리은행 금호동 지점 앞,금호4가동,성동구,7,1523,3083
534,금호사거리,금호4가동,성동구,20,1202,2513
535,응봉삼거리,응봉동,성동구,16,2358,4801
536,행당역 2번출구 앞,행당2동,성동구,8,3192,6223
537,한양대후문역 부근,사근동,성동구,10,4733,9650
538,답십리역 8번출구 앞,용답동,성동구,15,2362,6518
550,서울시설공단 앞,마장동,성동구,15,3701,7967
556,달맞이공원,금호4가동,성동구,20,774,1079
557,도선동 주민센터 앞,왕십리도선동,성동구,10,3206,7761
558,성동광진 교육지원청 앞,행당1동,성동구,20,4558,11145
559,왕십리역 4번 출구 건너편,행당1동,성동구,10,6777,16188
560,비전교회 앞,송정동,성동구,8,4804,9929
561,서울숲역 2번출구 앞,성수1가1동,성동구,10,5760,10003
562,군자지하보도 앞,송정동,성동구,10,3696,8362
563,성동세무서 건너편,성수2가3동,성동구,10,5745,12053
564,금호역 3번출구,금호4가동,성동구,15,404,737
565,옥수역 3번출구,옥수동,성동구,20,17882,27767
567,성수역 2번출구 앞,성수2가3동,성동구,15,9110,20403
568,청계8가사거리 부근,용신동,성동구,10,8937,19079
569,응봉현대아파트 정류소,응봉동,성동구,10,927,1807
578,성동세무서 부근,송정동,성동구,8,4845,10165
579,마장역 4번출구,마장동,성동구,8,4536,9915
581,용답초등학교,용답동,성동구,13,2199,3990
582,경일중학교 앞,성수1가1동,성동구,10,4302,9744
583,청계천 생태교실 앞,마장동,성동구,20,18769,25892
583,청계천 생태교실 앞,마장동,성동구,5,18769,25892
585,성수2가1동 공영주차장 인근,성수2가1동,성동구,9,7850,18308
586,마장동 주민센터,마장동,성동구,10,2509,4356
587,유니베라 앞,성수2가3동,성동구,10,4252,8411
589,성수역3번출구,성수2가3동,성동구,8,9739,20709
594,중랑물재생센터(서울새활용플라자),용답동,성동구,15,1642,3435
3544,한양대역 3번 출구,사근동,성동구,10,282,0
3545,한양대역 1번출구,사근동,성동구,10,530,0
3547,상왕십리역 6번 출입구,왕십리도선동,성동구,10,0,0
3548,뚝섬역 6번출구,성수1가2동,성동구,10,48,0
3549,건영아파트 앞,송정동,성동구,9,49,0
3550,금호나들목,금호4가동,성동구,20,355,0
3551,성동도로사업소,용답동,성동구,15,110,0
3552,서울숲 공영주차장앞,성수1가1동,성동구,10,455,0
3553,마장역3번출구,마장동,성동구,10,133,0
3555,양지사거리(센트라스APT 115동앞),사근동,성동구,20,33,0
3556,신금호파크자이APT앞,금호2·3가동,성동구,15,18,0
3557,서울숲리버뷰자이APT105동 앞,행당1동,성동구,10,91,0
3558,마장동 금호어울림APT앞,마장동,성동구,10,220,0
3559,성동구민종합체육센터 앞,성수1가1동,성동구,10,867,0
3560,성동구 견인차량 보관소 앞,용답동,성동구,10,461,0
3561,행당동 삼부APT후문,행당1동,성동구,10,14,0
1302,한성대입구역6번출구 뒤,성북동,성북구,5,2814,4834
1303,돈암초교 입구,동선동,성북구,10,3696,8415
1304,만해공원,성북동,성북구,15,1014,2300
1305,성북구청,삼선동,성북구,15,2866,6551
1306,한성대입구역2번출구,삼선동,성북구,10,4294,11312
1308,안암로터리 버스정류장 앞,안암동,성북구,18,15381,38142
1313,정릉교회 앞,정릉2동,성북구,10,0,2670
1314,정릉꿈에그린1단지 201동 앞,정릉2동,성북구,8,1436,2243
1315,고려사대부속중고 정문,정릉3동,성북구,10,1301,3109
1316,고려사대부속중고 건너편,정릉3동,성북구,20,936,3105
1318,길음역 3번출구 뒤,길음1동,성북구,10,3222,8502
1319,종암사거리 분수대,종암동,성북구,10,5715,13076
1320,LG베스트샵 종암점,종암동,성북구,10,5853,12312
1321,국민은행 종암동지점 앞,종암동,성북구,14,7027,16567
1322,래미안라센트아파트 103동 앞,종암동,성북구,10,3023,6662
1323,월곡역 입구 육교 밑,월곡2동,성북구,10,2605,5026
1325,상월곡역 4번출구,월곡2동,성북구,10,1882,3886
1326,상월곡역 1번출구,월곡2동,성북구,10,2564,5067
1327,상월곡역 3번출구,월곡2동,성북구,10,3613,6799
1328,월곡역 3번출구,월곡2동,성북구,10,7715,15312
1332,석계역 5번출구 건너편,석관동,성북구,10,6551,11645
1333,석관초등학교 앞,석관동,성북구,15,5145,9797
1334,석관동주민센터 앞,석관동,성북구,10,2947,5204
1336,성북3교 위,삼선동,성북구,20,6160,10927
1337,돈암성당 옆,동선동,성북구,10,9380,19173
1338,용문2교 옆,안암동,성북구,15,2978,6866
1339,삼성전자서비스 성북센터,월곡1동,성북구,9,3628,7502
1340,광운초등학교 앞,장위3동,성북구,11,4166,3105
1342,성북쉼터 앞,성북동,성북구,15,795,1439
1343,한성대7번출구 앞,성북동,성북구,10,2513,4524
1344,아리랑시네센터 앞,돈암2동,성북구,10,1864,3739
1346,길음8골어린이공원 옆,길음1동,성북구,15,2830,6160
1347,길음래미안아파트817동 상가 앞,길음1동,성북구,20,1426,3166
1348,성북제일새마을금고 본점 앞,길음1동,성북구,12,1591,3327
1349,월계2교 버스정류장 앞,장위3동,성북구,10,1920,3413
1351,안암2교 옆,안암동,성북구,8,6032,11695
1352,e 편한세상 보문아파트 내,보문동,성북구,8,976,2450
1353,금호어울림센터힐 내,돈암1동,성북구,8,1159,2174
1354,고려대학교 2번출구,종암동,성북구,18,5712,15461
1355,보문2교,동선동,성북구,20,7978,13767
1357,북한산보국문역,정릉4동,성북구,20,1833,3731
1358,정릉도서관 앞,정릉2동,성북구,7,1898,3598
1359,장위뉴타운 꿈에 숲 코오롱 하늘채 앞,장위1동,성북구,20,2667,4719
1360,정릉역,정릉1동,성북구,10,2688,3232
1361,홍익중고 입구,성북동,성북구,20,3104,6755
1362,보문역6번출구 앞,용신동,성북구,10,3942,8743
1363,보문4교 인근,안암동,성북구,15,6168,12023
1364,성북동 치안센터 앞,성북동,성북구,10,2093,4342
1365,선잠단지 앞,성북동,성북구,15,825,1935
1366,일신초등학교 옆,종암동,성북구,10,1283,2276
1367,길음문화복합미디어센터,길음1동,성북구,15,1325,2921
1368,성신여대입구 교차로,동선동,성북구,10,3517,7727
1369,미아사거리,길음1동,성북구,15,4422,7398
1370,복자사랑 피정의 집,성북동,성북구,20,1642,3136
1372,KEB은행 고대점,안암동,성북구,15,6479,14579
1373,성북구보건소 건너편,월곡2동,성북구,8,3132,4860
1375,생명의 전화 종합복지관 앞 교차로,월곡1동,성북구,20,5439,8980
1376,한국과학기술연구원 중문,월곡2동,성북구,7,785,1924
1377,한국과학기술연구원 북문,월곡2동,성북구,10,687,2143
1379,길음뉴타운푸르지오아파트 3단지,정릉1동,성북구,15,15,0
1380,월곡역 5번출구 앞,월곡2동,성북구,10,214,0
1381,석계역 4번출구 뒤,석관동,성북구,10,196,0
1382,월곡래미안아파트 입구,월곡1동,성북구,10,0,0
1383,성북동 주민센터 건너편,성북동,성북구,10,118,0
1384,성신여대입구역 5번출구,동선동,성북구,10,333,0
1385,성신여대입구역 3번출구 앞,동선동,성북구,10,59,0
1386,동선고가차도 초입,동선동,성북구,10,83,0
1388,커핀그루나루,삼선동,성북구,10,35,0
1390,석관래미안아트리치,석관동,성북구,10,220,0
1391,성북청소년센터,장위3동,성북구,20,108,0
1392,돈암삼성풍림아파트,돈암1동,성북구,10,8,0
1393,미아 구름다리,돈암1동,성북구,10,27,0
1394,길음뉴타운 래미안9단지,길음1동,성북구,10,542,0
1395,레미안장위포레카운티(102동),장위3동,성북구,20,101,0
1396,레미안장위퍼스트하이(513동),장위3동,성북구,20,170,0
1397,래미안월곡아파트 (창문여고 건너편),월곡1동,성북구,10,86,0
1201,가락시장역 3번 출구,가락1동,송파구,10,7136,17337
1203,밀리아나2빌딩 앞,가락본동,송파구,20,7790,17117
1204,거여역 3번출구,거여1동,송파구,10,4004,7146
1205,종합운동장역 4번출구,잠실7동,송파구,15,3871,9263
1206,9호선종합운동장역 9번출구,잠실7동,송파구,20,4896,13647
1207,마천CU우방점 앞,마천2동,송파구,10,2674,4902
1208,풍납현대아파트쉼터,풍납2동,송파구,20,6513,14177
1209,잠실나루역 (2번 출구 쪽),잠실4동,송파구,20,14499,28273
1210,롯데월드타워(잠실역2번출구 쪽),잠실6동,송파구,30,19408,48987
1211,방이삼거리,송파1동,송파구,7,9758,22604
1212,송파역 2번 출구앞,가락1동,송파구,10,7810,24767
1213,백토공원 앞,오금동,송파구,20,3342,7586
1214,오금역 7번 출구 인근,오금동,송파구,10,3907,8452
1215,올림픽공원역 1번출구 앞,오륜동,송파구,15,4437,9932
1217,송파파인타운 7단지,장지동,송파구,15,2951,6582
1218,방이역 4번출구,방이1동,송파구,12,7138,14907
1220,잠실본동주민센터뒤 잠실근린공원,잠실본동,송파구,15,5249,13269
1221,삼전사거리 포스코더샵,잠실본동,송파구,10,5958,12924
1222,잠실새내역 5번 출구 뒤,잠실본동,송파구,15,14492,33569
1224,아시아지하보도 2번 출구,잠실본동,송파구,15,5084,12584
1226,잠실4동 주민센터 옆,잠실4동,송파구,10,5260,11353
1227,거여역 8번출구 뒤,거여1동,송파구,10,4066,6650
1228,마천사거리,거여1동,송파구,10,3919,8064
1229,송파체육문화회관 앞,거여1동,송파구,15,3041,6026
1230,송파중학교 정문,가락2동,송파구,10,3165,6659
1231,잠실역 6번출구,잠실본동,송파구,10,8010,16781
1232,롯데마트 주차장 옆,잠실본동,송파구,10,4210,9796
1233,잠실3거리(갤러리아팰리스),잠실본동,송파구,9,2749,6155
1235,잠실트리지움310동 옆,잠실3동,송파구,14,5574,13076
1239,문정 법조단지3,문정2동,송파구,20,1877,3143
1240,문정 법조단지4,문정2동,송파구,10,1541,3364
1241,문정 법조단지5,문정2동,송파구,15,1521,3822
1242,문정 법조단지6,문정2동,송파구,15,585,1049
1243,문정 법조단지7,문정2동,송파구,20,8304,19320
1244,문정 법조단지8,문정2동,송파구,7,6295,17259
1245,문정 법조단지9,문정2동,송파구,10,5071,12693
1246,문정 법조단지10,장지동,송파구,30,5229,10475
1247,문정 법조단지11,문정2동,송파구,15,3447,7859
1248,방이초등학교,방이1동,송파구,20,5731,13169
1249,아주중학교건너편,잠실본동,송파구,10,3429,8001
1250,문정2동 주민센터,문정2동,송파구,10,1840,3126
1251,석촌역 2번출구,송파1동,송파구,10,10093,23763
1253,오금역 3번 출구 뒤,가락2동,송파구,10,2707,4281
1256,문정현대아파트 교차로,문정1동,송파구,8,2902,7391
1257,가락시장역 롯데마트앞,가락1동,송파구,20,4930,10536
1258,가락미륭아파트 앞,가락2동,송파구,10,1407,3312
1259,방이역 1번출구,오금동,송파구,15,5815,12085
1260,방이동 한양3차아파트 옆,방이1동,송파구,8,4730,10723
1262,송파여성문화회관 앞,송파1동,송파구,10,5146,12619
1263,장지공영차고지,장지동,송파구,10,957,2218
1264,천호역 10번 출구 앞,풍납1동,송파구,8,7061,14441
1265,문정동 근린공원,문정1동,송파구,10,6040,15850
1266,문정동 글샘 공원,문정2동,송파구,10,1484,3663
1269,리센츠아파트,잠실2동,송파구,10,4392,9633
1271,송파도서관,오금동,송파구,15,3378,9249
1274,영파여고 앞,풍납2동,송파구,20,3035,6602
1275,거여초등학교 옆,오금동,송파구,15,1730,3390
1277,오금동 송파 참병원,오금동,송파구,8,4552,8891
1278,송파구청 교차로,방이2동,송파구,10,7234,15864
1279,마천금호어울림 1차아파트 건너편,마천1동,송파구,10,2045,3694
1280,송파파크데일 2단지입구 앞 주차장,마천1동,송파구,20,2087,4221
1282,송파소방서 맞은편(성내4교),마천2동,송파구,10,4897,9615
1283,오금공원 사거리,오금동,송파구,8,1343,3085
1285,위례별 유치원 뒤,위례동,송파구,15,2241,4468
1286,위례중앙푸르지오 1단지 앞,위례동,송파구,10,4058,8306
1287,위례아이파크 101동 맞은편,위례동,송파구,8,1646,3175
1288,문정중교 사거리,장지동,송파구,15,4938,13270
1289,풍납동 자전거보관소,풍납2동,송파구,10,2041,4130
1290,위례송파꿈에그린아파트24단지 앞 성벽 다리 밑,위례동,송파구,10,2704,4794
1291,서울체육고등학교 앞,오륜동,송파구,10,3058,10035
1293,석촌호교차로 (스타벅스 앞),삼전동,송파구,10,6907,17346
1295,잠실역 8번출구,잠실6동,송파구,20,13041,26587
1296,석촌호수교차로 (송파나루근린공원 앞),잠실본동,송파구,10,2518,5650
1297,석촌호수교차로(동호 팔각정 앞),잠실본동,송파구,10,5459,12533
1299,송파소방서 (방이119안전센터),오륜동,송파구,15,1792,4934
1300,오륜사거리,오륜동,송파구,15,2127,3800
2601,석촌호수 서호사거리,잠실3동,송파구,10,6283,16497
2603,송파 글마루 도서관,장지동,송파구,10,2497,6560
2604,삼표레미콘 앞,풍납2동,송파구,10,3295,7395
2605,복정역 1번 출구 앞,위례동,송파구,15,1465,3030
2606,위례동주민센터 맞은편 근린공원,위례동,송파구,10,3412,5094
2607,복정역 2번출구 후문 (장지치안센터),위례동,송파구,15,2487,4981
2608,송파구청,잠실6동,송파구,15,4473,12993
2609,보성중고등학교 후문 앞,오륜동,송파구,10,627,1155
2610,여흥레이크빌 앞 (석촌호수 까페거리),송파1동,송파구,10,4785,9429
2611,송파지역자활센터 뒤,풍납1동,송파구,7,4965,8704
2612,문정·가락 대여소 앞,문정2동,송파구,10,269,584
2613,잠실나들목,잠실2동,송파구,18,11793,19421
2614,가락고등학교 앞,송파2동,송파구,15,4164,9275
2615,테라타워2,문정2동,송파구,15,6329,14127
2616,거여동 사거리,거여1동,송파구,10,1596,3289
2617,가락삼환아파트 앞,가락2동,송파구,15,4027,8025
2618,삼전역 1번출구,잠실본동,송파구,14,4557,10557
2619,석촌고분역 4번출구,삼전동,송파구,9,9033,21327
2620,송파나루역 4번 출구옆,방이2동,송파구,15,10360,23971
2621,한성백제역 2번 출구,방이2동,송파구,15,11310,22922
2622,올림픽공원역 3번출구,오륜동,송파구,20,14951,28485
2623,석촌동 주민센터,석촌동,송파구,15,703,0
2625,가락1동 주민센터,가락1동,송파구,15,408,0
2626,경찰병원,가락본동,송파구,15,114,0
2627,문정시영아파트 5동 앞 공원,장지동,송파구,10,0,0
2628,문정역 1번출구,문정1동,송파구,15,567,0
2629,문정동 힐스데이트 에코 송파,문정2동,송파구,15,425,0
2630,서울방이동 고분군,방이2동,송파구,12,691,0
2631,배명고등학교,삼전동,송파구,15,398,0
2632,석촌고분역 2번 출구,석촌동,송파구,9,642,0
2633,송파학사 옆,위례동,송파구,20,332,0
2634,위례포레샤인아파트 2318동,위례동,송파구,15,221,0
2635,잠실새내역 1번출구,잠실3동,송파구,15,352,0
2637,잠실월드 메르디앙,잠실본동,송파구,15,730,0
2638,쌍용아파트,풍납2동,송파구,8,0,0
2639,석촌역 8번출구,석촌동,송파구,18,799,0
2641,송파역 4번출구,가락1동,송파구,10,1122,0
2642,마천동 성내천 쉼터,마천2동,송파구,12,421,0
2643,풍납중학교 측면,풍납2동,송파구,10,942,0
2644,성내5교 (GS주유소),오금동,송파구,10,432,0
2645,잠실나들목2(엘스아파트136동),잠실2동,송파구,10,1234,0
2646,레이클펠리스101동앞,삼전동,송파구,15,656,0
2647,잠실 자전거 수리센터 앞,잠실본동,송파구,15,377,0
2648,헬리오시티 112동 앞,가락1동,송파구,30,606,0
2649,오금공원사거리2,오금동,송파구,10,126,0
2650,위례22단지 2208동 다리앞,위례동,송파구,11,0,0
2651,경찰병원역 3번출구 앞,가락본동,송파구,20,466,0
2652,송파 레미니스1단지 102동 앞,오금동,송파구,20,312,0
2653,올림픽공원사거리(선수촌아파트),오륜동,송파구,20,615,0
2654,올림픽선수촌아파트 136동 앞,오륜동,송파구,10,264,0
2655,송이공원,송파2동,송파구,20,490,0
2656,풍납동 아이파크 107동 앞,풍납2동,송파구,10,0,0
2657,송파 파인타운 11단지,장지동,송파구,10,4,0
700,KB국민은행 염창역 지점 앞,목2동,양천구,20,7022,13903
701,목동사거리 부근,목4동,양천구,8,2661,5702
702,목4동주민센터 옆,목4동,양천구,16,3590,6281
703,오목교역 7번출구 앞,목1동,양천구,12,10506,21278
704,남부법원검찰청 교차로,신정4동,양천구,15,10062,18794
706,신정네거리역,신월2동,양천구,15,4607,8619
707,신정3동주민센터,신정3동,양천구,10,1844,2965
708,서울출입국관리사무소 앞,신정6동,양천구,16,8929,16516
709,신정3동 현장민원실 앞,신정3동,양천구,20,2314,2797
710,서부화물트럭터미널 사거리,신정3동,양천구,12,955,3479
711,신일해피트리아파트 앞,신월6동,양천구,20,1661,3329
712,강월초교입구 사거리,신월7동,양천구,14,2670,5051
713,양서중학교 옆,신월1동,양천구,20,2252,3404
714,한국SGI 양천문화회관 앞,신월1동,양천구,10,2307,4156
716,신정6동 주민센터 인근,신정6동,양천구,15,7700,15340
719,홍익병원앞 교차로,목4동,양천구,10,4162,8898
720,서울강월초등학교 앞,신월7동,양천구,10,1310,2470
722,LG전자베스트샵 신정점,신정1동,양천구,10,5599,10013
723,SBS방송국,목1동,양천구,15,8249,17140
724,계남공원 입구 주출입구 좌측,신정3동,양천구,15,793,1175
725,양강중학교앞 교차로,신정3동,양천구,15,1498,3438
726,목동3단지 시내버스정류장,목4동,양천구,15,5838,10445
729,서부식자재마트 건너편,신정7동,양천구,10,5307,8528
731,서울시 도로환경관리센터,목1동,양천구,10,5936,11801
732,신월동 이마트,신월5동,양천구,10,2608,4163
733,신정이펜하우스314동,신정3동,양천구,10,2006,3190
734,신트리공원 입구,신정1동,양천구,10,4045,6196
735,영도초등학교,목5동,양천구,10,5354,10029
736,오솔길공원,신월7동,양천구,10,3131,5818
737,장수공원,신월2동,양천구,10,2446,3979
739,신월사거리,신월5동,양천구,15,2675,6267
740,으뜸공원,신월5동,양천구,10,2676,5113
741,화곡로 입구 교차로,신월3동,양천구,10,1079,1640
742,등촌역 5번 출구 뒤,목3동,양천구,10,2457,5048
743,현대6차아파트 101동 옆,신정3동,양천구,10,1965,3266
744,신목동역 2번 출구,목1동,양천구,10,4760,8749
745,강서초등학교,신월4동,양천구,10,2232,4245
746,목동2단지 상가,목5동,양천구,10,6026,10615
747,목동3단지 상가,목5동,양천구,10,3199,6960
748,목동운동장,목1동,양천구,15,1042,2162
749,이대 목동병원 앞,목5동,양천구,10,4627,6633
750,연의근린공원 건너편,신정3동,양천구,10,2583,3743
752,성원2차 아파트,목3동,양천구,10,2693,4773
754,목동1단지아파트 118동 앞 (월촌초등학교 정류소 옆,목5동,양천구,10,3415,6712
755,목동1단지아파트 상가 앞 (월촌중학교 버스정류소 옆),목5동,양천구,10,5627,10186
756,목동주차장,목1동,양천구,10,4659,9216
757,신정이펜하우스 1단지아파트 입구 사거리,신정3동,양천구,10,1533,2209
758,한사랑교회 앞,신정7동,양천구,10,4559,8164
759,보아스아파트 앞,신월4동,양천구,9,2168,3318
760,잣절보도육교 아래,신정3동,양천구,10,1402,2467
762,오목로 무중력지대 앞,목1동,양천구,10,4760,6777
763,목동11단지 아파트,신정7동,양천구,10,2237,3669
764,목동청소년수련관,목1동,양천구,30,6377,11621
765,오목교역 3번출구,목1동,양천구,10,10679,13020
766,신목동역 3번출구,목5동,양천구,15,6901,7799
767,신정숲속마을아파트,신정3동,양천구,10,39,0
768,목동5단지아파트 501동,신정2동,양천구,15,256,0
769,CBS방송국 앞,목1동,양천구,20,361,0
770,목동역5번출구 교통정보센터 앞,목1동,양천구,10,743,0
771,목동아파트 703동 앞,목1동,양천구,8,375,0
773,"염창역 3, 4번 출구 사이",목2동,양천구,10,263,0
774,등촌역 4번 출구 ,목3동,양천구,11,109,0
775,세종그랑시아 앞(102동),목4동,양천구,10,150,0
776,목마공원,목5동,양천구,15,76,0
777,신월6차보람아파트 앞,신월1동,양천구,10,218,0
779,양천나눔누리센터,신정3동,양천구,10,288,0
780,신정교 하부,신정2동,양천구,15,414,0
781,신정보도육교 아래,신정2동,양천구,10,350,0
782,서남병원 후문,신정3동,양천구,20,128,0
785,"양천구청, 보건소 사잇길",신정6동,양천구,15,1410,0
786,목동아파트 8단지 상가동 앞,신정6동,양천구,9,267,0
787,양천아파트 입구,신정7동,양천구,10,1284,0
788,양천구청역 2번출구 옆,신정7동,양천구,15,1228,0
790,화곡고가 사거리,신월2동,양천구,40,133,0
791,현대하이페리온,목1동,양천구,15,372,0
792,목동트라팰리스 웨스턴에비뉴,목1동,양천구,20,597,0
200,국회의원회관,여의동,영등포구,20,2054,5207
201,진미파라곤 앞,여의동,영등포구,15,5593,10241
202,국민일보 앞,여의동,영등포구,30,11848,23870
203,국회의사당역 3번출구 옆,여의동,영등포구,15,5944,12580
204,국회의사당역 5번출구 옆,여의동,영등포구,13,4140,9704
205,산업은행 앞,여의동,영등포구,20,5538,9924
206,KBS 앞,여의동,영등포구,35,7664,14312
207,여의나루역 1번출구 앞,여의동,영등포구,40,43174,66424
209,유진투자증권빌딩 앞,여의동,영등포구,12,4062,6365
210,IFC몰,여의동,영등포구,22,14949,31664
211,여의도역 4번출구 옆,여의동,영등포구,13,8789,19097
212,여의도역 1번출구 옆,여의동,영등포구,35,6559,17386
213,KT앞,여의동,영등포구,15,5173,11482
214,금융감독원 앞,여의동,영등포구,20,4048,8592
215,여의도고교 앞,여의동,영등포구,10,4385,7623
216,삼부아파트1동 앞,여의동,영등포구,10,4146,9007
217,NH농협은행 앞,여의동,영등포구,10,3368,11171
218,증권거래소 앞,여의동,영등포구,20,3671,6470
219,롯데캐슬엠파이어 옆,여의동,영등포구,12,3682,7560
220,미성아파트 A동 앞,여의동,영등포구,30,4186,7490
221,여의도초교 앞,여의동,영등포구,10,7006,11016
222,시범아파트버스정류장 옆,여의동,영등포구,12,9729,19655
223,진주아파트상가 앞,여의동,영등포구,20,4247,9191
224,롯데캐슬 앞,여의동,영등포구,20,5826,11505
225,앙카라공원 앞,여의동,영등포구,26,4355,7604
226,샛강역 1번출구 앞,여의동,영등포구,20,5428,9847
227,양평2나들목 보행통로 입구,양평2동,영등포구,10,7812,10870
228,선유도역 3번출구 앞,양평2동,영등포구,10,11321,19057
229,양평1 보행육교 앞,양평2동,영등포구,20,6827,10792
230,영등포구청역 1번출구,당산2동,영등포구,10,12020,26948
231,남부고용노동지청 남측,양평1동,영등포구,10,3044,6999
232,양평우림 이비즈센타 앞,당산2동,영등포구,20,10097,21324
233,YP 센터 앞,양평1동,영등포구,10,1309,2206
234,영등포구민체육센터 앞,신길5동,영등포구,10,2570,6374
235,신길동 우리은행 옆,신길3동,영등포구,10,2804,5732
236,문래동자이아파트 앞,문래동,영등포구,10,5094,10138
238,제2구민체육센타 앞,당산1동,영등포구,10,4813,13496
239,유스호스텔 앞,영등포동,영등포구,20,3941,9190
240,문래역 4번출구 앞,문래동,영등포구,10,6234,14643
241,신길우성1차아파트 앞 공원,도림동,영등포구,10,3561,9434
242,신길선원가와인아파트 앞,영등포본동,영등포구,15,2742,5934
243,이앤씨드림타워 앞,양평1동,영등포구,15,5803,11601
244,영등포삼환아파트 앞,영등포동,영등포구,20,5357,10876
245,삼성생명 당산사옥 앞,당산2동,영등포구,10,6953,14196
247,당산역 10번출구 앞,당산2동,영등포구,15,15404,31296
248,초원아파트 앞,여의동,영등포구,10,9775,15804
249,여의도중학교 옆,여의동,영등포구,8,9883,11295
250,대림아파트 사거리,신길1동,영등포구,10,2607,4304
251,서울지방병무청 버스정류장,신길7동,영등포구,10,3708,6255
252,보라매역4번출구,신길6동,영등포구,10,4456,9712
253,신풍역 5번출구 인근,신길6동,영등포구,10,3944,9248
254,도림신협 앞,신길5동,영등포구,10,3215,6230
255,도림4거리,신길3동,영등포구,10,3855,8755
256,동아에코빌입구,도림동,영등포구,10,3322,7196
257,신길삼거리(우리은행),신길1동,영등포구,10,8391,14673
258,신길역3번출구,영등포동,영등포구,14,3838,9082
259,대방역6번출구,신길7동,영등포구,17,9141,19325
260,여의도 마리나선착장 앞,여의동,영등포구,15,2528,5488
262,영문초등학교 사거리,문래동,영등포구,12,8410,18461
263,근로자회관 사거리,문래동,영등포구,12,8476,14957
264,교보생명보험 앞,당산1동,영등포구,15,4383,9286
265,영등포유통상가 사거리,당산1동,영등포구,15,3674,7298
266,영등포청과시장 사거리,영등포동,영등포구,10,2372,6210
267,삼성화재 사옥 옆,양평2동,영등포구,10,5031,9335
268,그랜드컨벤션센터 앞,당산2동,영등포구,6,5249,10886
270,증권거래소후문교차로,여의동,영등포구,10,2778,4720
271,샛강생태공원방문자센터 앞,여의동,영등포구,10,1926,2806
272,당산육갑문,당산2동,영등포구,20,18723,28890
274,영등포역지하쇼핑센타 5번출구,영등포본동,영등포구,10,11654,24048
275,신동아아파트,양평1동,영등포구,10,7317,15273
276,SK 영등포주유소,영등포동,영등포구,10,5351,10792
277,영등포뉴타운지하상가 2번게이트,영등포동,영등포구,10,4994,9947
278,쌍용플레티넘오피스텔,도림동,영등포구,10,6205,11080
279,영등포 푸르지오 아파트,영등포본동,영등포구,15,5146,12033
280,양평동6차현대아파트 앞,양평2동,영등포구,10,5682,10785
281,신동아아파트 앞,대림3동,영등포구,8,2811,5600
282,신한은행,대림2동,영등포구,10,1443,3181
283,아크로타워 스퀘어(영등포시장),영등포동,영등포구,15,8283,15126
284,센트럴 푸르지오 시티 앞,영등포동,영등포구,12,10503,22250
285,대림3동사거리(하나은행),대림3동,영등포구,8,1771,3815
286,우성아파트 교차로,대림2동,영등포구,8,3130,7485
287,영등포전화국사거리 (서강어린이공원),영등포동,영등포구,10,5246,12771
288,쌍용예가(구청별관),당산1동,영등포구,10,2288,4385
289,대림3동사거리,대림3동,영등포구,10,2337,6041
290,당산동 SK V1 빌딩,당산2동,영등포구,12,4747,8783
291,문래동 하이테크 시티,문래동,영등포구,14,6157,10369
292,영일 어린이공원,영등포동,영등포구,10,2207,4645
293,충북 미래관,당산2동,영등포구,15,7529,14858
295,영등포공원 분수대 앞,영등포동,영등포구,10,0,0
296,KT플라자 영등포점,영등포동,영등포구,15,467,0
297,국회3문,여의동,영등포구,20,75,0
298,KBS 연구동 건너편,여의동,영등포구,20,49,0
299,여의도 순복음교회,여의동,영등포구,10,286,0
3201,당산skv1센터,당산2동,영등포구,9,294,0
3202,당산롯데캐슬프레스티지,당산2동,영등포구,15,615,0
3203,도림동배드민턴체육관,도림동,영등포구,10,120,0
3204,도림고가도로 밑,도림동,영등포구,10,26,0
3205,문래중학교,문래동,영등포구,10,624,0
3206,문래동 주민센터,문래동,영등포구,15,197,0
3207,양남사거리 교통섬,양평1동,영등포구,15,159,0
3211,신길 래미안 프레비뉴,신길5동,영등포구,20,285,0
3212,신풍역 6번출구,신길7동,영등포구,10,431,0
3214,영등포 푸르지오,영등포본동,영등포구,10,417,0
3215,강변삼성래미안,당산2동,영등포구,15,297,0
3219,영등포역 2번출구,영등포본동,영등포구,10,323,0
3220,래미안에스티움(신풍로) 앞,신길7동,영등포구,20,258,0
3221,서울특별시 남부교육지원청,문래동,영등포구,10,70,0
800,목월공원 앞,원효로2동,용산구,15,4619,9568
802,한강진역 2번 출구 앞,한남동,용산구,10,1794,3724
803,한남초교 앞 보도육교,한남동,용산구,10,1281,2444
805,문배어린이공원 앞,원효로1동,용산구,9,3375,7493
806,전자랜드 본관 앞,한강로동,용산구,20,3098,7324
807,서울역 12번 출구 앞,남영동,용산구,10,2752,5827
808,서빙고동 금호맨션 앞,서빙고동,용산구,10,1446,2817
809,한남 유수지 복개주차장,한남동,용산구,10,3329,5296
810,이태원지하보도,용산2가동,용산구,10,1944,3078
811,녹사평역1번출구,용산2가동,용산구,20,2008,3915
812,용산전쟁기념관,남영동,용산구,20,1104,3317
813,삼각지역 3번출구,한강로동,용산구,20,3092,7374
815,LIG강촌아파트 103동앞,이촌1동,용산구,20,5324,9768
816,신용산역 6번출구 앞,한강로동,용산구,15,8137,18213
817,삼각지역 4번출구 앞,한강로동,용산구,9,1961,4383
818,숙명여대 입구 교차로,청파동,용산구,15,3854,9186
819,선린인터넷 고등학교,청파동,용산구,12,2814,6197
820,청파동입구 교차로,남영동,용산구,10,2382,5368
822,이촌1동 마을공원,이촌1동,용산구,10,1495,2509
823,효창동주민센터 앞,효창동,용산구,10,824,2130
825,서빙고동 주민센터 앞,서빙고동,용산구,15,10393,16308
827,국군복지단,용산2가동,용산구,20,560,2174
828,숙대입구역 8번,남영동,용산구,7,2290,5460
829,베르가모앞,한강로동,용산구,40,10429,19018
830,청암자이아파트앞,원효로2동,용산구,10,2065,3781
831,이태원관광특구입구,이태원1동,용산구,15,1422,3244
832,이촌1동 주민센터 뒤,이촌1동,용산구,15,8684,14224
834,효창공원앞역 3번출구 뒤,효창동,용산구,15,5378,10221
835,남영역 건너편,남영동,용산구,10,2545,6001
836,현대자동차서비스 앞,원효로2동,용산구,15,4510,6228
837,한남나들목 입구,한남동,용산구,10,7036,11220
838,숙대입구역 4번출구,남영동,용산구,8,2974,7300
839,보광동 삼성리버빌아파트 앞,보광동,용산구,10,3466,4680
840,용산 파크타워 앞,한강로동,용산구,10,1698,3191
841,신용산역 1번 출구,한강로동,용산구,15,5881,12471
843,녹사평역 광장,이태원1동,용산구,10,3270,7055
844,이촌2동 동원베네스트 아파트 앞,이촌2동,용산구,11,3093,5467
845,용산 선인상가,한강로동,용산구,22,2344,4642
846,용산중학교,용산2가동,용산구,15,2602,5228
847, 국방부민원실옆,한강로동,용산구,15,146,0
848, 삼각지12번 출구,한강로동,용산구,10,169,0
849, 삼각지 자이아파트,한강로동,용산구,15,565,0
850, KCC용산월츠타워 ,원효로1동,용산구,15,353,0
851,효창 푸르지오 앞,효창동,용산구,10,146,0
852,청암자이APT(103동),원효로2동,용산구,20,117,0
853,용산역 맞은편,한강로동,용산구,10,505,0
854,HID 유족동지회 앞,한남동,용산구,10,161,0
855,이촌역5번출구 앞,한강로동,용산구,15,14,0
857, 현대 안성타워,한남동,용산구,15,75,0
858,녹사평역3번 출구,용산2가동,용산구,7,28,0
859,남산공원 야외식물원 앞,이태원2동,용산구,10,0,0
860,LG한강 자이아파트 앞,이촌1동,용산구,15,241,0
863,이촌역2번 출구,한강로동,용산구,15,41,0
864,순천향대학병원(한남오거리),한남동,용산구,10,724,0
865,하얏트호텔 앞,한남동,용산구,15,37,0
866,브라운스톤 남산아파트,후암동,용산구,10,72,0
867,서빙고역 광장(1번출구),서빙고동,용산구,10,45,0
868,롯데하이마트 용산점 앞,원효로1동,용산구,12,262,0
900,은평예술회관,녹번동,은평구,20,2724,5174
901,응암1동사무소,응암1동,은평구,10,3499,7309
902,진관동 은빛초등학교,진관동,은평구,10,984,2042
903,은평뉴타운 아이파크,진관동,은평구,20,2472,3862
904,은평뉴타운 푸르지오,진관동,은평구,18,2499,3657
905,구파발역 2번출구,진관동,은평구,11,5640,11574
906,연신내역 5번출구150M 아래,대조동,은평구,10,8763,16249
907,CJ 드림시티,역촌동,은평구,10,18252,31914
908,구산역 4번출구,갈현2동,은평구,10,3092,6038
909,백련산 힐스테이트 3차,응암3동,은평구,10,1459,3875
911,은평평화공원(역촌역4번출구),녹번동,은평구,10,6093,13928
912,응암오거리,응암3동,은평구,10,7314,13463
913,이마트 은평점,응암1동,은평구,15,8607,16881
914,새절역 2번출구,응암3동,은평구,20,12327,19980
915,증산역 4번출구,증산동,은평구,10,5114,9059
916,평생학습관 앞,역촌동,은평구,7,3249,6770
917,녹번역 4번출구,녹번동,은평구,9,3904,9560
919,서울혁신파크,녹번동,은평구,10,2442,4868
921,신도고등학교,진관동,은평구,10,1780,3715
922,연신내역 4번출구,대조동,은평구,10,1467,3512
923,국민은행 연서지점,불광1동,은평구,10,2035,4135
924,메뚜기다리,진관동,은평구,15,899,2229
925,불광역 2번출구,불광1동,은평구,8,1500,3058
926,불광역 8번출구,불광1동,은평구,8,4300,9821
927,연신내역 3번출구 인근,불광1동,은평구,10,1458,3686
928,은평역사한옥박물관,진관동,은평구,15,1122,1817
930,구 서부경찰서 건너편,역촌동,은평구,7,2292,4227
931,역촌파출소,역촌동,은평구,20,8420,14686
932,예일여중,구산동,은평구,10,2856,5818
933,LG서비스 역촌점,구산동,은평구,10,4984,8718
934,신사동 성당,신사1동,은평구,15,3252,6781
937,상림마을 롯데캐슬2단지 옆,진관동,은평구,15,486,529
938,금암 문화공원,진관동,은평구,15,731,854
939,은평구청 교차로,응암1동,은평구,15,2004,4542
941,은평뉴타운 도서관,진관동,은평구,11,1817,4643
942,상림마을 생태공원,진관동,은평구,9,1151,2571
943,은평구청 보건소,녹번동,은평구,10,4248,10030
945,기자촌 사거리,진관동,은평구,10,1764,3642
946,독바위역,불광1동,은평구,10,2030,4405
947,연신내 선일하이츠빌 정류소,불광2동,은평구,10,2503,4188
948,디지털미디어 시티역 4번출구,증산동,은평구,10,1922,4537
949,연신내역 1번 출구,불광2동,은평구,7,2353,4406
950,구산역 2번 출구,역촌동,은평구,5,4558,7375
951,연신내역 6번출구옆,갈현1동,은평구,15,3840,7772
952,서울연신중학교,불광2동,은평구,10,1214,2590
953,서울연신초등학교,불광2동,은평구,10,1642,3130
954,은평뉴타운구파발9단지,진관동,은평구,10,1940,3425
956,응암시장교차로,응암2동,은평구,9,7326,10998
958,신한은행 응암동 지점 앞,응암1동,은평구,13,3722,7645
959,구파발10단지 인근,진관동,은평구,10,1296,1567
960,구파발역 환승센터,진관동,은평구,15,1804,4068
961,불광역 9번 출구,불광1동,은평구,8,2491,5349
962,은평뉴타운 힐데스하임,진관동,은평구,10,2678,4715
963,대호프라자아파트,불광1동,은평구,13,2746,4383
964,북한산힐스테이트 7차아파트,불광1동,은평구,10,1323,4534
965,서울특별시 은평병원,응암2동,은평구,10,1467,4001
966,서울혁신파크1,녹번동,은평구,10,776,1761
967,서울혁신파크2,녹번동,은평구,13,1255,2553
968,은평뉴타운 상림마을 13단지,진관동,은평구,7,618,1401
969,은평 지웰테라스,진관동,은평구,9,679,1324
971,역촌 센트레빌 아파트,역촌동,은평구,10,1097,2950
972,수색역,수색동,은평구,20,2253,4520
973,제각말푸르지오 5-1단지 아파트,진관동,은평구,10,11,0
974,연신초등학교옆 마을마당,불광2동,은평구,10,7,0
975,백련산 힐스테이트상가앞,응암1동,은평구,10,18,0
976,진관고등학교앞,진관동,은평구,10,31,0
977,신도중학교앞,진관동,은평구,20,14,0
978,녹번 힐스테이트상가앞,녹번동,은평구,20,36,0
979,원풍빌라앞,신사2동,은평구,10,82,0
982,유니클로 은평점앞,녹번동,은평구,10,69,0
984,상신초등학교앞 버스정류장,신사1동,은평구,10,116,0
985,은평온누리약국앞,응암1동,은평구,10,57,0
989,축산정육식당앞,응암3동,은평구,10,103,0
991,흥국사 정류장,진관동,은평구,10,17,0
992,북한산입구 정류장,진관동,은평구,10,13,0
993,은평뉴타운 온뜨락아파트앞,진관동,은평구,25,32,0
994,북한산생태공원입구(교통섬),불광1동,은평구,15,28,0
995,은평다목적체육관,진관동,은평구,15,17,0
996,응암역 1번출구,신사1동,은평구,10,299,0
301,경복궁역 7번출구 앞,사직동,종로구,16,3822,7543
302,경복궁역 4번출구 뒤,사직동,종로구,12,6398,14298
303,광화문역 1번출구 앞,사직동,종로구,8,4113,9892
304,광화문역 2번출구 앞,종로1·2·3·4가동,종로구,7,2640,5910
305,종로구청 옆,종로1·2·3·4가동,종로구,16,4546,11313
306,광화문역 7번출구 앞,종로1·2·3·4가동,종로구,19,4409,8202
307,서울역사박물관 앞,사직동,종로구,11,3087,7758
308,광화문 S타워 앞,사직동,종로구,20,5288,11505
309,광화문역 6번출구 옆,사직동,종로구,13,2424,6346
314,국립현대미술관,삼청동,종로구,10,2896,8212
316,종각역 1번출구 앞,종로1·2·3·4가동,종로구,12,6369,14706
326,안국역 5번출구 앞,삼청동,종로구,19,5249,11124
327,낙원상가 옆,종로1·2·3·4가동,종로구,10,3992,8655
328,탑골공원 앞,종로1·2·3·4가동,종로구,11,3871,8794
329,청계2가 사거리 옆,종로1·2·3·4가동,종로구,8,4560,11009
334,종로3가역 2번출구 뒤,종로1·2·3·4가동,종로구,10,5631,12751
335,종로3가역 15번출구 앞,종로1·2·3·4가동,종로구,10,4105,8938
337,창경궁 입구,종로1·2·3·4가동,종로구,5,1362,3178
338,세운스퀘어 앞,종로1·2·3·4가동,종로구,18,4051,9565
339,종로4가 사거리,종로1·2·3·4가동,종로구,10,3487,8080
340,혜화동 로터리,혜화동,종로구,8,5289,11271
341,혜화역 3번출구 뒤,혜화동,종로구,10,3506,8568
342,대학로 마로니에공원,이화동,종로구,15,6416,16527
343,예일빌딩(율곡로) 앞,필동,종로구,12,1714,5126
344,성균관대 E하우스 앞,종로5·6가동,종로구,10,1998,7407
345,서울보증보험본사 앞,종로5·6가동,종로구,15,3302,8469
348,독립문역 사거리,교남동,종로구,14,3088,5677
349,사직동주민센터,사직동,종로구,7,2446,4675
351,청운초교 앞 삼거리,청운효자동,종로구,8,2460,5044
352,중앙고입구 삼거리,가회동,종로구,15,930,2306
353,재동초교 앞 삼거리,가회동,종로구,8,2368,4624
354,포르투갈 대사관 앞,가회동,종로구,10,2910,5950
355,서울사대부속초교 앞,이화동,종로구,15,3486,9555
356,KT혜화지사 앞,이화동,종로구,15,3598,8747
358,성대입구 사거리,혜화동,종로구,13,6943,20104
359,원남동사거리,종로1·2·3·4가동,종로구,8,3164,8219
361,동묘앞역 1번출구 뒤,숭인1동,종로구,10,8654,19547
362,청계8가 사거리,숭인2동,종로구,10,5320,10161
363,신설동역 11번출구 뒤,숭인2동,종로구,10,5126,12207
364,창신역 1번출구 앞,창신3동,종로구,8,2538,5723
367,독립문역 3-1번출구,무악동,종로구,8,3761,5750
368,SK 서린빌딩 앞,종로1·2·3·4가동,종로구,12,3085,7047
369,광화문 시민열린마당,종로1·2·3·4가동,종로구,20,3995,10040
385,종각역 5번출구,종로1·2·3·4가동,종로구,10,4527,10206
386,올림픽기념 국민생활관 앞,혜화동,종로구,10,1947,6084
388,동성중학교 앞,혜화동,종로구,10,2803,6228
393,동대문역 8번 출구,종로5·6가동,종로구,10,6292,13039
394,경희궁 자이 3단지,교남동,종로구,15,1419,4091
395,경희궁 자이 2단지,교남동,종로구,8,3060,6036
397,종묘공영주차장 건너편,종로5·6가동,종로구,13,2277,5444
446,상명대입구,부암동,종로구,10,1884,3336
447,신영동삼거리,부암동,종로구,5,154,1020
449,일성아파트,평창동,종로구,10,634,582
450,효자동 삼거리,청운효자동,종로구,20,2544,5911
451,청와대앞길,삼청동,종로구,13,981,2478
452,동대문 종합시장 버스정류장,종로5·6가동,종로구,13,2267,4917
453,종로오가 지하쇼핑센터 14번출구,종로5·6가동,종로구,10,3616,7622
454,종로2가 버스정류장 (종각방향),종로5·6가동,종로구,13,3501,7670
455,삼익한의원,종로5·6가동,종로구,8,1912,3928
456,숭인2동 주민센터 입구 (이강3대냉면),숭인2동,종로구,10,2914,5553
457,종로꽃시장 입구 옆,종로5·6가동,종로구,10,2516,5214
458,광화문역 5번출구,종로5·6가동,종로구,21,4725,9818
461,서울지방경찰청,사직동,종로구,10,3159,7745
462,신영동삼거리(북악터널방향),부암동,종로구,15,304,1493
464,삼청동 골목,삼청동,종로구,10,2169,3006
465,삼청공원 앞,삼청동,종로구,5,373,105
486,평창동주민센터 앞,평창동,종로구,5,489,0
3401,창신두산아파트,창신1동,종로구,10,0,0
3402,이화공영주차장,이화동,종로구,10,279,0
3403,서울특별시 교육청,사직동,종로구,10,218,0
3404,서울특별시 중부교육지원청,종로5·6가동,종로구,15,22,0
3405,파크팰리스,사직동,종로구,12,679,0
3406,세종로공원,종로1·2·3·4가동,종로구,20,42,0
3407,안국동사거리(신),삼청동,종로구,15,912,0
3408,종로타워빌딩,종로1·2·3·4가동,종로구,13,940,0
3410,종로3가역 8번출구,종로1·2·3·4가동,종로구,10,294,0
3411,종묘,종로1·2·3·4가동,종로구,10,608,0
3412,세운상가,종로1·2·3·4가동,종로구,15,549,0
3413,종로플레이스,종로1·2·3·4가동,종로구,15,975,0
3414,종로5가역 4번출구,종로5·6가동,종로구,10,17,0
3415,동대문역6번출구,창신1동,종로구,15,76,0
3416,동묘앞역 6번출구,창신1동,종로구,15,28,0
3417,창신3동주민센터,창신3동,종로구,12,116,0
3418,창신역2번 출구,창신3동,종로구,10,21,0
3419,국립어린이과학관,종로1·2·3·4가동,종로구,15,52,0
3420,성균관대입구사거리(맥도날드),혜화동,종로구,10,119,0
3421,혜화역 1번출구,혜화동,종로구,10,16,0
3422,성균관대 정문,혜화동,종로구,20,187,0
3423,현대그룹(본사),종로5·6가동,종로구,20,132,0
3425,광화문 풍림스페이스본 1단지앞,사직동,종로구,15,1,0
3426,독립문역 2번출구 뒤,무악동,종로구,10,46,0
3427,인왕산 아이파크 정문,무악동,종로구,13,35,0
3428,서울미술관,부암동,종로구,10,54,0
3429,AW컨벤션앞,부암동,종로구,15,30,0
3430,구기치안센터 앞,평창동,종로구,10,18,0
3431,로제우스 레포츠센터,평창동,종로구,10,31,0
3432,종로2가 사거리,종로1·2·3·4가동,종로구,15,1006,0
300,정동사거리,소공동,중구,7,3135,7024
310,청계광장 옆,명동,중구,13,2776,6245
311,서울광장 옆,소공동,중구,35,7126,18024
312,시청역 1번출구 뒤,소공동,중구,7,6088,13963
318,광교사거리 남측,명동,중구,10,1998,4123
320,을지로입구역 4번출구 앞,명동,중구,20,4114,8019
321,KEB 하나금융그룹 명동사옥 옆,명동,중구,15,2905,7218
322,명동성당 앞,명동,중구,15,1620,4775
324,신세계백화점 본점 앞,회현동,중구,10,3658,8825
331,을지로2가 사거리 북측,회현동,중구,10,3845,6748
332,을지로2가 사거리 남측,회현동,중구,5,2433,4664
336,티마크 호텔 앞,회현동,중구,10,2069,4960
346,맥스타일 앞,신당동,중구,10,5624,13561
347,동대문역사문화공원역 9번출구 앞,종로5·6가동,중구,18,4655,12130
370,시청역(2호선) 9번출구 뒤,소공동,중구,26,4471,8612
371,동대입구역 6번출구 뒤,장충동,중구,10,2154,5258
372,약수역 3번출구 뒤,약수동,중구,10,3053,6169
373,청구 어린이공원,청구동,중구,8,446,1076
374,청구역 2번출구 앞,동화동,중구,10,3545,7181
375,다산 어린이공원,신당5동,중구,8,3712,8013
378,청계7가 사거리,신당동,중구,10,4408,10760
379,서울역9번출구,회현동,중구,7,3760,8004
380,CJ제일제당 앞,광희동,중구,8,2912,6596
381,장충체육관,장충동,중구,10,662,1325
382,약수역 10번출구 앞,다산동,중구,7,1997,4464
383,신당역 12번 출구 뒤,신당5동,중구,17,6944,17538
384,종로학원본원,중림동,중구,10,1674,3104
387,훈련원공원주차장 앞,광희동,중구,10,2990,6610
389,을지로4가역 1번출구,을지로동,중구,10,3567,8668
390,충무로역 1번출구,필동,중구,10,4189,9014
391,정동길입구,소공동,중구,8,1278,4569
398,을지로3가역 3번출구,을지로동,중구,8,3104,8660
399,서울역 센트럴 자이아파트,중림동,중구,15,1902,2756
428,명보사거리,을지로동,중구,10,1910,3733
429,송도병원,다산동,중구,8,570,1244
430,KEB하나은행 장충동지점,장충동,중구,8,1800,3593
431,청계천 영도교,황학동,중구,15,7249,15302
433,을지로입구역 2번출구,명동,중구,10,4006,9771
434,신당 래미안 버스정류장,신당5동,중구,10,711,1812
435,SK 남산빌딩,회현동,중구,10,1207,2690
826,서울역 서부교차로2,중림동,중구,20,3623,7407
441,염천교사거리,소공동,중구,15,341,0
442,서울역 서부,회현동,중구,20,76,0
443,호암아트홀,회현동,중구,9,417,0
444,서울역3번 출구,회현동,중구,20,16,0
445,대한상공회의소,소공동,중구,10,636,0
466,롯데호텔,명동,중구,20,410,0
467,한국은행,소공동,중구,16,208,0
468,웨스틴 조선호텔,소공동,중구,10,204,0
469,회현역 1번출구,회현동,중구,16,34,0
470,회현역 7번출구,회현동,중구,20,490,0
471,회현사거리 남측,명동,중구,10,539,0
472,삼일교(시그니쳐 타워),명동,중구,12,800,0
473,을지로4가역 9번출구,을지로동,중구,20,824,0
474,동대문역사문화공원역 1번출구 뒤편,을지로동,중구,30,254,0
475,ddp패션몰,신당동,중구,16,22,0
476,광희문,광희동,중구,10,68,0
477,앰배서더 호텔 주변,장충동,중구,10,30,0
479,동대입구역 3번 출구,장충동,중구,13,47,0
480,약수역 6번 출구,약수동,중구,8,5,0
481,신당역 10번 출구,명동,중구,16,48,0
482,예수소망교회,신당동,중구,10,74,0
483,남산타운아파트 버스정류장,약수동,중구,16,22,0
484,도동삼거리,회현동,중구,20,14,0
485,서울역4번출구,회현동,중구,30,485,0
1401,극동늘푸른아파트,묵2동,중랑구,15,6076,11223
1402,금란주차장 앞,망우본동,중랑구,10,3420,6536
1403,중화빌딩 앞 (동부시장),상봉2동,중랑구,15,9167,17829
1404,동일로 지하차도,상봉2동,중랑구,10,3969,8492
1405,망우역 1번출구,상봉2동,중랑구,10,4591,9497
1406,망우청소년수련관,망우본동,중랑구,10,402,1410
1407,먹골역 1번출구 뒤,묵1동,중랑구,10,3936,6739
1408,먹골역 6번출구 앞,묵2동,중랑구,10,4591,8553
1410,면목 대원칸타빌아파트,면목7동,중랑구,10,1011,1615
1411,상봉시장앞 교차로 한성빌딩 앞,면목본동,중랑구,10,2499,5194
1412,면목초등학교,면목본동,중랑구,10,1781,3343
1413,봉화산역 5번출구 뒤,신내2동,중랑구,10,2947,6383
1414,사가정역 1번출구,면목3·8동,중랑구,10,6832,13197
1416,상봉역 3번출구,상봉2동,중랑구,10,3013,6011
1418,새솔초등학교,신내1동,중랑구,15,1610,3318
1420,신내어울공원 앞,신내1동,중랑구,15,2249,3901
1421,신내역 4번출구,묵1동,중랑구,20,948,2385
1422,신내우디안아파트 1단지,신내1동,중랑구,10,798,1976
1424,양원역 2번출구,망우본동,중랑구,10,476,1339
1425,용마문화복지센터,면목3·8동,중랑구,10,1733,4098
1426,면목도시개발아파트 1동 앞,면목4동,중랑구,15,1141,2331
1427,용마산역 1번출구,면목4동,중랑구,10,954,2193
1428,원묵고등학교,묵1동,중랑구,10,1758,6407
1429,장안중학교,묵1동,중랑구,15,2076,5409
1430,중랑구청,신내2동,중랑구,20,3391,7520
1431,중랑구청 사거리,신내2동,중랑구,10,5373,10075
1433,중화역 2번출구,중화2동,중랑구,10,6818,12533
1434,홈플러스 면목동점,면목5동,중랑구,15,3227,5494
1435,능산삼거리,신내2동,중랑구,15,843,1740
1436,영풍마드레빌,신내2동,중랑구,15,1911,3614
1437,늘푸른공원 앞,면목5동,중랑구,15,1149,3477
1438,홈플러스 신내점 앞,신내2동,중랑구,15,5322,10116
1440,하나은행 면목지점,면목5동,중랑구,10,3343,6028
1441,신내능말공원,신내1동,중랑구,15,2238,5600
1442,(구)신한은행 중랑교지점,중화2동,중랑구,8,4119,7560
1443,구립망우청소년독서실,망우본동,중랑구,10,1150,2546
1444,면목4치안센터,면목4동,중랑구,10,3270,5284
1445,용마지구대,면목4동,중랑구,10,944,1541
1446,중랑전화국 교차로,면목4동,중랑구,10,4084,9290
1447,면목역 3번출구,면목4동,중랑구,15,5680,12260
1448,코스트코 상봉점,상봉1동,중랑구,15,6040,14102
1449,상봉역 1번출구,상봉1동,중랑구,15,6121,12848
1450,화랑대역 7번출구,공릉2동,중랑구,10,4134,6432
1451,중랑세무서,상봉2동,중랑구,10,7335,12337
1452,겸재교 진입부,면목2동,중랑구,15,7001,9939
1453,중랑캠핑숲,망우본동,중랑구,9,831,1402
1454,한국전력공사(동대문 중랑지사),묵1동,중랑구,10,3877,6560
1455,상봉역 2번 출구,상봉1동,중랑구,10,4563,10196
1456,상아빌딩(우림시장 교차로),망우3동,중랑구,10,2773,5709
1457,동원사거리,면목본동,중랑구,10,2295,4482
1458,상봉터미널2,망우본동,중랑구,9,4945,10403
1459,용마한신아파트사거리,면목7동,중랑구,10,1264,2677
1461,동양엔파트 앞,중화2동,중랑구,12,144,0
1462,동부시장 북문 앞,상봉2동,중랑구,9,79,0
1463,중랑구민회관,면목4동,중랑구,10,7,0
1464,중화역 4번출구,중화2동,중랑구,15,40,0
1465,중랑공영차고지 옆,신내1동,중랑구,15,87,0
1466,두산대림아파트 삼거리,묵1동,중랑구,10,48,0
1467,sk신내 주유소앞(용마산로),신내1동,중랑구,10,11,0
1468,먹골역 7번 출구,묵2동,중랑구,10,213,0
1469,먹골역 4번출구,묵1동,중랑구,20,2,0
1470,중화동 우리은행 앞,중화2동,중랑구,20,72,0
1472,영성빌딩(PAT),중화1동,중랑구,8,105,0
1473,중랑역 1번 출구(중화문화복지센터),중화2동,중랑구,10,39,0
1474,서울중랑우체국,상봉1동,중랑구,10,0,0
1477,면목삼익아파트 앞,면목4동,중랑구,15,42,0
1478,홈플러스 상봉점 앞,상봉1동,중랑구,10,156,0
1479,면목 홈플러스 2 ,면목5동,중랑구,10,69,0
1480, 용마지구대 옆,면목5동,중랑구,15,104,0
642,신답역 사거리,답십리1동,동대문구,9,3209,9945
2549,LH 서초 4단지 403동,양재1동,서초구,10,0,0
2658,가락몰 업무동,가락1동,송파구,10,0,0
2744,강서세무서앞,가양1동,강서구,20,0,0
869,노들섬 동측 앞,이촌1동,용산구,10,359,0
870,노들섬 서측 앞,이촌2동,용산구,10,1376,0
2743,동신아파트 104동 앞,가양1동,강서구,11,0,0
793,목동5단지아파트 534동,목5동,양천구,15,55,0
797,목동아파트 1422동 1434동 사잇길,신정6동,양천구,10,0,0
796,목동아파트 14단지 B상가 앞,신정6동,양천구,10,0,0
2548,반포1동 자율방범초소 옆,반포1동,서초구,10,0,0
1571,북서울 꿈의숲 입구,번3동,강북구,20,0,0
3600,사근빗물펌프장 건너편,행당1동,성동구,8,0,0
3013,서울지방고용노동청 앞,명동,중구,10,0,0
2659,서울친환경유통센터,가락1동,송파구,10,0,0
3588,세종대학교(영실관),군자동,광진구,10,0,0
1574,송중초등학교 옆,송중동,강북구,8,0,0
2746,수명산파크4단지411동 앞,발산1동,강서구,10,0,0
2745,수명초등학교,발산1동,강서구,9,0,0
2550,양재동 꽃시장 건너편,양재2동,서초구,10,0,0
795,양천 해누리타운,신정6동,양천구,10,0,0
794,양천문화회관,신정6동,양천구,10,0,0
3587,우성식품 앞,구의3동,광진구,15,0,0
1572,우이산 입구,우이동,강북구,20,0,0
2547,포드서초서비스센터앞,잠원동,서초구,10,0,0
1573,현대성우아파트 옆,송천동,강북구,10,0,0
1268,몽촌토성역 1번출구 옆,오륜동,송파구,15,11444,24080
1267,올림픽공원 남2문 앞,오륜동,송파구,15,3872,10332
